best_r1,best_r2,best_r_concat,group
0.035081760146836324,0.0038515732221372596,0.5753908869610246,high
0.7238461366363096,0.0043772664256023055,1.2474539587204032,high
0.0003841494112364109,0.026642793231001206,0.0036042147571809253,high
0.035081760146836324,0.03808507685231428,1.266135638939208,high
0.008010734938844983,0.014944253071976353,0.010133537770830108,high
0.00597547111430305,0.052668221843589914,0.6889707021889003,high
0.08751893066978607,0.7162570010709595,1.1122271941476414,high
3.2796132728119425e-05,0.1421282851074926,0.036237696903321695,high
0.009692189049272795,0.0009109681946447216,1.1268937427212677,high
0.05500547666447523,0.0473087151697138,0.03765982722356798,high
0.001423134033945105,0.023996880753039202,2.2786346046744606,high
0.0369973741015434,0.002493937704136266,0.014262261073723765,high
0.04639193939388683,7.87866818780702e-05,2.4194303940270885,high
0.0012172449083603944,0.008997295889210246,0.00683279611760188,high
0.0026248124366439396,0.0007181792557454349,1.9881833862958482,high
0.0473087151697138,0.0032042217245257646,0.01084636762822392,high
0.0011218260783887324,0.010062182552890713,1.606459992540728,high
8.925209588696401e-08,0.020990339024878776,1.606279856338374,high
0.026642793231001206,1.3421509062712367e-06,0.5459904862698646,high
0.003558731140648275,0.01776828914780287,1.8886355914821331,high
0.00018079955387981884,0.7162570010709595,0.02009237585592067,high
0.0776776728273304,0.033746194025628104,0.04613541798228945,high
0.013309275539627017,0.007376551904537709,1.7426548860235125,high
0.005626998079092999,0.00052455801784469,0.0020846490092747087,high
0.3194368307202457,0.0050439199888767305,2.963222506440805,high
0.7162570010709595,0.006866799985054423,0.36833186236777854,high
0.00040415179154959903,0.019184761759015265,1.7402042778747993,high
0.017944053479216248,0.01151707135707119,0.014325421663711915,high
0.0026248124366439396,0.006840173287281744,1.3130901565292217,high
0.009297924447732024,0.0022905152337043917,1.5810730533712114,high
0.011151586385164886,0.009297924447732024,0.011326939279114821,high
0.00040415179154959903,0.004924062966239431,0.6273058640011168,high
0.05416468839687199,0.00603735829278677,2.4404960734703356,high
0.013592909289489398,0.023996880753039202,1.1943515719274242,high
0.017812778569423583,0.1250588616590003,0.012333758708339646,high
0.0688729895098659,0.027949443499074595,0.8263662519546873,high
0.013801268862024842,0.0044643689080938525,1.1595073588542786,high
0.0853743927134145,0.009546384766376027,0.02147166766954026,high
0.010978546089401513,0.0032042217245257646,0.005532347108520801,high
6.437892671989258e-06,0.001058625488239518,2.7489091365636416,high
0.05783490398788474,0.02850006104338262,5.291942708297797,high
0.17748525274727214,0.00294211620833466,0.8492234467981978,high
0.01776828914780287,0.0776776728273304,0.025581666276577347,high
0.014944253071976353,0.016176996098111882,0.007859452016232005,high
0.027415537685567676,0.00294211620833466,0.00884552632385622,high
0.02850006104338262,0.1001777372891752,0.9460855232062775,high
0.0025477456451380924,0.03897170307891879,0.009704385237633409,high
0.000509406728807963,0.0006099403278155988,0.00033106689814955904,high
0.012733765584588353,0.0022905152337043917,0.0029918619845881868,high
0.005873924929774831,0.004068833037096268,0.002604437426226418,high
0.00294211620833466,0.008010734938844983,1.79058874745216,high
0.1001777372891752,0.0008479201210236673,0.015614293331924827,high
0.0688729895098659,0.1421282851074926,0.08912393713406291,high
0.0050439199888767305,0.017744383102475378,0.7131754342245016,high
0.1250588616590003,0.012615282874899443,0.014518680978197052,high
0.003558731140648275,0.0050439199888767305,0.004405620416186021,high
0.14214403511298887,3.5059106937814334e-05,0.00721812416191208,high
0.043434173538784246,0.25796493607087195,0.28461384572156256,high
0.0009504457707226163,0.004068833037096268,1.2113793721616453,high
0.07801695457996234,0.2120905754086885,1.1909636427830932,high
0.0043772664256023055,0.001058625488239518,0.6587849103187454,high
0.7238461366363096,0.1250588616590003,0.12288979938061077,high
0.002203827542982468,6.437892671989258e-06,1.2001871735069525,high
0.028430593108728145,0.018641899362791217,0.019301193658945733,high
0.005107149556506964,0.006802495610919366,0.0046621387305312584,high
6.437892671989258e-06,0.010062182552890713,0.8877690391779257,high
0.0011218260783887324,0.0029909870229741214,1.5495043104313242,high
0.0688729895098659,0.00018874948601662348,2.6937903780481203,high
0.004949595083572717,0.002331533361213051,0.8217989134179507,high
0.024293460118402797,0.02850006104338262,0.03429536095278424,high
0.02814421457898402,1.9326284938706254e-05,0.4653558677483492,high
0.003558731140648275,0.013271377082283507,0.005904798377496621,high
0.011712133564089606,0.002203827542982468,0.010944953593745956,high
0.017123197902348918,0.009747017141938446,0.014256269710222723,high
0.008997295889210246,0.08633866325455913,0.20648115857193922,high
0.026642793231001206,0.0107881012269917,0.026529826790585638,high
0.04447957938906973,1.0287696098925971e-05,1.528944580044664,high
0.02850006104338262,0.07597638773349064,1.3012144500123912,high
0.0009109681946447216,0.14214403511298887,0.007263942426190518,high
0.043434173538784246,0.04639193939388683,0.021695936244017187,high
0.009432417327096588,0.017744383102475378,0.014486730212601268,high
0.013271377082283507,0.013271377082283507,0.010994543257907954,high
0.052685829047988346,4.290559188632895e-06,0.0004740788763794593,high
0.030338307904057064,0.00018079955387981884,1.920449259843725,high
0.000245816069302763,0.05190524176203323,0.00416741526473188,high
0.1228625006983758,0.0011218260783887324,0.06463992042521786,high
0.0026978335081043405,0.08217691133579401,5.29396817155251,high
0.03808507685231428,0.013801268862024842,0.018998146115891255,high
3.2796132728119425e-05,0.17748525274727214,0.0009002840896924408,high
0.06306761936769667,0.001423134033945105,0.12599259996009404,high
0.05783490398788474,0.03760750144043096,2.281067324344943,high
0.017944053479216248,0.03808507685231428,0.02170719409186555,high
0.00036571690963330567,0.005626998079092999,0.0027808433490312478,high
0.00018079955387981884,0.008603979723199838,1.4187501312135569,high
0.012733765584588353,0.00018874948601662348,0.0034125349565087603,high
0.0853743927134145,0.01776828914780287,1.804028433478215,high
0.007178673806042197,0.0027081071888128304,1.6620071841386936,high
0.0011386578129532086,0.035081760146836324,0.019075705992648417,high
0.06414372080553697,0.00046277895929705104,1.2702689696106015,high
0.019165000269945408,6.313705471591782e-05,0.005404682381744613,high
0.00040415179154959903,0.17498795476563367,0.05914072734947699,high
0.00036571690963330567,0.0776776728273304,0.026316629484203703,high
3.5059106937814334e-05,0.02343226773405609,0.3514439003590919,high
0.018641899362791217,0.007376551904537709,1.9023906097628978,high
0.0033487439907803275,0.0050439199888767305,0.8006650837364659,high
0.000658682721073754,3.2796132728119425e-05,1.3341736068959873,high
0.1421282851074926,0.0473087151697138,0.18226018342167208,high
0.08751893066978607,0.0016850152740006813,0.8246351331807795,high
0.028430593108728145,0.014944253071976353,0.007027555131245216,high
0.005626998079092999,0.013592909289489398,2.664518801933489,high
0.0009109681946447216,0.006498623321356322,0.002470747296311621,high
0.012615282874899443,0.008010734938844983,0.7884142241690308,high
0.08217691133579401,0.0043974094780275,0.021062450419326213,high
0.00401027356591414,0.06224239364780474,0.7855733181564796,high
0.003128656023963755,0.08767369190262618,0.013799481585856537,high
0.013801268862024842,0.026642793231001206,0.02766308789515121,high
0.0238577020697435,0.7162570010709595,0.047775752359579045,high
0.00036571690963330567,0.08217691133579401,0.013112907881731549,high
0.07597638773349064,0.0003841494112364109,0.010223032404867065,high
0.016176996098111882,1.4038598114078009e-05,0.002752310276489861,high
0.004068833037096268,0.017857075238707096,0.010089747376795511,high
0.014944253071976353,0.2590855074553902,0.11768843392970231,high
1.4038598114078009e-05,7.216222580651927e-05,7.101524740880754e-05,high
0.006821476630564396,0.052685829047988346,0.0038630271372270303,high
0.1421282851074926,0.01681608552908732,0.050159005051728316,high
0.08767369190262618,0.00036571690963330567,1.598978885523658,high
0.027949443499074595,0.010978546089401513,0.025983484724878058,high
0.07597638773349064,0.07897909318351809,1.6673586581376867,high
0.3194368307202457,0.0028437860619595317,0.030564344780473825,high
0.003785164232577155,5.408690595725983e-05,0.9981099722787578,high
0.0688729895098659,0.005778380007529734,0.008468097589083264,high
0.0033214942630977505,0.011151586385164886,0.0058971956124059186,high
0.04413831282003773,0.06224239364780474,1.3997646197351117,high
0.005626998079092999,0.024293460118402797,1.0038010274178975,high
0.02346136183234285,0.0009877776578893413,1.6812224386145709,high
1.0287696098925971e-05,0.05190524176203323,1.581574828696602,high
0.03760750144043096,0.0011386578129532086,0.013071385048867323,high
0.0023685513726967207,1.057048462830047e-06,0.000979115903190364,high
0.019184761759015265,0.04639193939388683,0.017455624655691927,high
0.020990339024878776,7.216222580651927e-05,0.035294900258045145,high
0.003558731140648275,0.002059891555876342,0.003640504423328799,high
0.001058625488239518,0.002089359810100423,1.1354568658938016,high
0.0043772664256023055,0.05783490398788474,0.022630312569316916,high
0.17748525274727214,0.04070042197147075,0.37005572589198293,high
0.02396636226128167,0.009546384766376027,0.012665032222881395,high
0.1001777372891752,0.02343226773405609,0.028126518641002653,high
0.3635360729179824,0.010978546089401513,0.010478826112804986,high
0.0026248124366439396,0.0675726716212354,1.5671168194516845,high
0.0029380211841932543,0.0043772664256023055,0.0018067597115537046,high
0.0107881012269917,0.05190524176203323,0.0460136705843464,high
0.00040415179154959903,1.3421509062712367e-06,2.067616321290414,high
0.03517297721390867,0.000509406728807963,1.9328708488428206,high
0.02396636226128167,0.004068833037096268,0.005209444642423282,high
0.00018874948601662348,0.010062182552890713,0.004207214349971623,high
0.006243114785233389,0.1228625006983758,0.5088271031226522,high
0.017744383102475378,0.012142468371402584,0.017523522680878048,high
0.00046277895929705104,0.12156807692200733,0.025695179789469468,high
0.07801695457996234,0.03955977995905532,0.3489159188420544,high
0.0008646385732815494,0.0008646385732815494,0.000972060793265429,high
0.05783490398788474,0.027415537685567676,1.9434414116869791,high
0.030338307904057064,0.1228625006983758,2.8841887994087863,high
0.0026104568140979546,0.04447957938906973,0.015251744280062764,high
0.052668221843589914,0.0032042217245257646,0.006723105909224213,high
0.013930288334096017,0.0009504457707226163,0.006776994326134869,high
0.07897909318351809,0.14214403511298887,0.21552763415778514,high
0.0026248124366439396,0.023996880753039202,1.4514256472661788,high
0.016176996098111882,0.004874177069770953,1.6248257895777807,high
3.5059106937814334e-05,0.1001777372891752,1.4330020288909189,high
6.313705471591782e-05,0.0034523602348175953,1.2192104449154908,high
0.008010734938844983,0.004677296164279848,0.7614883931064257,high
0.006802495610919366,0.000873232752538462,0.0023736617793850877,high
0.002026457767725169,0.009692189049272795,1.405096829772113,high
0.013592909289489398,0.03292293360095105,0.681264845437214,high
0.04413831282003773,0.001071830972231689,0.016170516141591686,high
0.0369973741015434,0.00018079955387981884,0.012531218014400967,high
0.003020030582486949,0.01151707135707119,0.9519407388554362,high
0.0033214942630977505,0.02850006104338262,1.2090736084345908,high
0.007376551904537709,0.011712133564089606,0.011630521234616392,high
0.03760750144043096,0.00052455801784469,1.531020746444667,high
0.0011218260783887324,0.0188247956153274,0.009106690639222018,high
0.002700190751970043,0.00052455801784469,0.6780087202988462,high
0.00030054352858565085,0.00052455801784469,0.0004469018673455092,high
0.2120905754086885,0.009104406753730847,1.545941085336468,high
0.1250588616590003,0.006243114785233389,0.1296589072915764,high
0.05190524176203323,0.0026978335081043405,0.90200876315968,high
0.000245816069302763,0.07597638773349064,0.01741457833458734,high
0.05416468839687199,0.001471648325338625,0.027774348417720293,high
0.020598127770197507,0.014944253071976353,3.3178181967249145,high
0.08751893066978607,0.0188247956153274,0.894540739908976,high
0.008603979723199838,0.0033487439907803275,0.3276269338496753,high
0.0008479201210236673,0.001071830972231689,0.0023919148213404203,high
0.0038164083359485505,0.012733765584588353,0.5267634015974323,high
0.017123197902348918,0.022981547567958237,0.021712255098699076,high
0.013309275539627017,0.004874177069770953,1.3519785333455803,high
0.00052455801784469,0.006840173287281744,0.002727831786191776,high
0.0188247956153274,0.08767369190262618,4.30412791785127,high
0.023996880753039202,0.004899852767159913,4.916662920542067,high
0.08217691133579401,1.8612117895966222e-06,0.026191282600140163,high
0.01151707135707119,0.0020606311942979725,0.009766630015712938,high
0.12156807692200733,0.016176996098111882,3.1147316634818547,high
0.009432417327096588,0.0050439199888767305,0.8771869395852339,high
0.030338307904057064,0.007376551904537709,0.011320967302156006,high
0.017944053479216248,0.001423134033945105,0.19770382609254433,high
0.02850006104338262,0.07897909318351809,0.04028603681535901,high
0.001071830972231689,0.04303481242105689,1.5409463189024626,high
0.003785164232577155,0.0032042217245257646,0.003404706663162641,high
0.12156807692200733,0.0044643689080938525,0.054870719276813154,high
0.0238577020697435,0.3194368307202457,0.06658715280207914,high
0.007376551904537709,0.022981547567958237,0.7007855281858375,high
1.0287696098925971e-05,0.043434173538784246,0.008884722492089747,high
0.002493937704136266,0.05831739576699525,0.020574067849388148,high
0.027415537685567676,0.06224239364780474,0.043942747093491795,high
0.052685829047988346,0.008010734938844983,0.004504712809839776,high
0.004396819219904147,0.056389527800266494,0.009320900526526715,high
0.03571486554828111,3.2796132728119425e-05,1.3473936042884613,high
7.216222580651927e-05,0.0044198380400671975,0.0012889796366034644,high
1.3421509062712367e-06,0.0044643689080938525,0.0008866499816472771,high
0.02850006104338262,0.022981547567958237,1.5559444619267129,high
0.25796493607087195,0.002493937704136266,0.03578258984156945,high
0.028430593108728145,0.039052687132020966,0.020285344846126138,high
0.052668221843589914,0.00018874948601662348,0.011567683592102331,high
0.0044643689080938525,0.002089359810100423,0.8045293707675168,high
0.014987094644314856,0.07597638773349064,2.2556824512036737,high
0.006243114785233389,0.3635360729179824,0.15108574443950823,high
0.0675726716212354,0.0006099403278155988,1.603233813897945,high
0.0011386578129532086,0.011151586385164886,0.339282937962915,high
0.017944053479216248,0.03571486554828111,0.623500200577956,high
0.09685066995231828,0.14214403511298887,0.4696943080712755,high
0.009316273800323878,0.006802495610919366,0.007829928409134233,high
0.0025477456451380924,0.1228625006983758,1.565156094606885,high
0.05648094782992339,0.004068833037096268,0.9077507756645263,high
0.0188247956153274,0.0023685513726967207,1.4956138447793699,high
0.0008479201210236673,0.004924062966239431,2.224522161386074,high
0.00018079955387981884,0.09685066995231828,0.04289126947517179,high
0.0369973741015434,0.0029749078086452195,0.01274132586617097,high
0.0044198380400671975,0.056389527800266494,0.016006729131047007,high
0.0003841494112364109,0.019184761759015265,1.139829587941047,high
0.006802495610919366,0.04639193939388683,0.00987524686274569,high
0.002700190751970043,0.0238577020697435,1.4428090488127696,high
0.07597638773349064,0.1228625006983758,0.09576458325176784,high
0.0006099403278155988,0.004874177069770953,0.0021756804917887856,high
0.0030511893023016544,0.0688729895098659,0.0070010647171592,high
0.013801268862024842,0.009747017141938446,0.012293413402305893,high
0.000245816069302763,0.00021013083256586453,2.172382697691676,high
0.018641899362791217,0.007178673806042197,0.011000765417754299,high
0.0029749078086452195,0.18689867280584935,0.7396498545067425,high
0.18830541207499898,0.004949595083572717,0.011691589772880399,high
0.000873232752538462,0.05416468839687199,1.9653951824505447,high
0.00046277895929705104,0.001471648325338625,0.3655713399750196,high
0.002493937704136266,0.00011472845085269196,0.5175965478854081,high
0.2120905754086885,0.2590855074553902,0.8767038733592472,high
6.313705471591782e-05,0.18689867280584935,0.002364896359705645,high
0.003558731140648275,0.006498623321356322,0.004900929852666439,high
0.00021013083256586453,0.14501403317281558,2.444665780005483,high
0.02343226773405609,0.013930288334096017,0.018341631093874777,high
0.011712133564089606,0.009297924447732024,1.8207109250081046,high
0.0025477456451380924,0.0041633464551558705,1.103713497937156,high
0.0011386578129532086,0.0028437860619595317,1.1263029588347195,high
0.024394533605720657,0.013309275539627017,0.9743470463389104,high
0.009546384766376027,0.09685066995231828,2.412494295858918,high
0.030194089927824717,0.009316273800323878,1.5787889500251986,high
0.006866799985054423,1.3421509062712367e-06,0.6012179704756432,high
0.0034523602348175953,0.016176996098111882,0.008013145149169836,high
0.011151586385164886,0.07897909318351809,0.8800043943831382,high
0.04447957938906973,0.05277809269321287,0.03186244204759892,high
0.004899852767159913,0.00018079955387981884,2.0205460162693916,high
0.006840173287281744,0.0107881012269917,0.007174191657101534,high
0.005107149556506964,0.006840173287281744,0.8906886778391444,high
0.006498623321356322,0.2120905754086885,0.03298544504302111,high
0.02396636226128167,0.05190524176203323,0.725111039920328,high
0.24900587372291416,0.08633866325455913,0.06194490877923885,high
0.006866799985054423,0.003785164232577155,1.5236635690672082,high
0.004874177069770953,0.0075153346553647775,1.615650087342255,high
0.00011472845085269196,0.0009877776578893413,0.825111739625178,high
0.009104406753730847,0.0022905152337043917,2.581602422585936,high
0.056389527800266494,0.010475240856365763,0.05179068691651211,high
0.004874177069770953,0.0034523602348175953,1.2782095114914689,high
0.2123143302018763,0.043434173538784246,0.3796207979351458,high
0.08751893066978607,0.0005763474629662912,0.9002848942926981,high
0.0009007468553203104,0.0029380211841932543,1.4699288926817997,high
0.005443510900261806,0.01151707135707119,0.014124984583411541,high
0.00036571690963330567,0.0369973741015434,0.007861832743724621,high
8.925209588696401e-08,0.013930288334096017,0.6007818900577938,high
0.0032042217245257646,0.14501403317281558,0.6048726493525782,high
7.87866818780702e-05,0.04070042197147075,1.6738464568958864,high
0.0038164083359485505,0.052685829047988346,0.002174874888091749,high
0.0107881012269917,0.0036677524511076532,2.1227018409982827,high
0.0008479201210236673,0.001471648325338625,0.0014924216941480362,high
0.002493937704136266,0.00597547111430305,0.001611946423374893,high
0.00052455801784469,0.0028437860619595317,0.0008694759996899831,high
0.0011218260783887324,0.00294211620833466,2.7101481634422133,high
0.1228625006983758,0.0075153346553647775,0.048320277112022046,high
0.0012172449083603944,0.011151586385164886,0.006801798902045512,high
0.019200477139745046,0.002359150731934923,0.008649978351029947,high
0.05500547666447523,0.0025477456451380924,0.012353827757508158,high
1.1523569587450905e-06,0.013592909289489398,0.003603959009687222,high
0.012733765584588353,0.031731705579745154,0.025666913302333647,high
0.030338307904057064,0.056389527800266494,2.676830080497689,high
0.06224239364780474,0.0050439199888767305,0.022024848542609502,high
1.4038598114078009e-05,7.87866818780702e-05,0.00012697886997655824,high
0.0026104568140979546,0.0050439199888767305,0.8751517020669644,high
0.0044198380400671975,0.0015473096384738766,1.5689384702557658,high
1.3421509062712367e-06,0.005443510900261806,1.0342060220998304,high
0.030338307904057064,0.009692189049272795,1.67589052167815,high
0.004924062966239431,0.026642793231001206,2.861026959491428,high
0.00294211620833466,0.013801268862024842,2.064339000255212,high
0.04639193939388683,1.9861974525123418e-05,4.23237447283566,high
0.0853743927134145,0.005873924929774831,0.033476606276244734,high
0.14501403317281558,0.02343226773405609,0.06382989464863349,high
0.1430179228051812,0.004068833037096268,0.6004580548441213,high
0.02850006104338262,0.00042615707930016163,0.7634395408021065,high
0.00018079955387981884,0.052685829047988346,0.0003925084391966188,high
0.004949595083572717,0.009747017141938446,0.007294201256488404,high
0.019165000269945408,0.023996880753039202,1.496195510211989,high
0.043434173538784246,0.00040415179154959903,1.4720053004995473,high
0.08751893066978607,0.00603735829278677,0.03520300287226859,high
0.02850006104338262,0.008603979723199838,0.01527148659455781,high
0.0369973741015434,0.0853743927134145,2.8212912479874683,high
0.013930288334096017,0.0033214942630977505,0.006374514677077863,high
0.0009007468553203104,0.0038164083359485505,2.1274626045622624,high
0.001058625488239518,0.04447957938906973,0.4802821167829025,high
0.002203827542982468,1.057048462830047e-06,0.0006690232029202081,high
0.0026978335081043405,0.010978546089401513,0.007958668103268438,high
3.5059106937814334e-05,0.005443510900261806,2.6468055936496593,high
0.0011386578129532086,0.0029380211841932543,0.5464054340749877,high
0.002089359810100423,0.7238461366363096,1.4098210300968963,high
0.008010734938844983,0.056389527800266494,0.01385244016580335,high
0.010062182552890713,0.003020030582486949,0.004174838469152861,high
0.027415537685567676,0.006802495610919366,0.012467238686990042,high
0.05098631205791504,0.0006099403278155988,2.4374443023641623,high
0.08767369190262618,0.08751893066978607,0.08895807601856955,high
0.017123197902348918,0.008010734938844983,0.01115363332428776,high
0.09685066995231828,0.05831739576699525,0.06846441585624728,high
0.001423134033945105,0.11864826337733243,0.025290580291535997,high
0.05277809269321287,0.0044643689080938525,0.45830215345704994,high
0.004677296164279848,0.0026104568140979546,0.9638279113365873,high
0.006802495610919366,0.014944253071976353,0.2883700780688531,high
0.002026457767725169,0.05648094782992339,0.8715446323641766,high
0.06224239364780474,7.216222580651927e-05,1.2179883154309084,high
0.0675726716212354,0.001071830972231689,0.01828492031904523,high
0.05648094782992339,0.004068833037096268,0.9077507756645263,high
0.0011386578129532086,0.0011386578129532086,0.0010768525850576227,high
0.005778380007529734,0.056389527800266494,0.01423210951525939,high
0.013271377082283507,0.0009877776578893413,2.6725886937695162,high
0.0007181792557454349,0.04639193939388683,2.2157936343432896,high
0.009432417327096588,0.0688729895098659,0.01735851852126775,high
0.0029749078086452195,0.0038164083359485505,0.0024811937996048867,high
0.0011218260783887324,0.0030511893023016544,0.0022956618220967093,high
0.08217691133579401,0.0009877776578893413,0.021958741467008668,high
0.0036677524511076532,0.014944253071976353,1.4228296837777052,high
0.0675726716212354,0.0026104568140979546,0.05406559334897959,high
0.00018079955387981884,0.005778380007529734,0.002017039373812276,high
0.0044643689080938525,6.437892671989258e-06,5.295314174146814,high
0.03517297721390867,0.04070042197147075,2.6941611593117893,high
0.009546384766376027,0.019184761759015265,0.010216266212605329,high
0.3194368307202457,0.0675726716212354,0.1929994924230607,high
0.0008646385732815494,0.018641899362791217,0.7064952274778719,high
0.05277809269321287,1.1523569587450905e-06,1.1150719601581136,high
0.009104406753730847,0.002089359810100423,0.0036051848113646864,high
0.013930288334096017,0.004899852767159913,2.0555726688417324,high
0.004068833037096268,0.0029749078086452195,0.5050415743825334,high
0.002700190751970043,0.00046277895929705104,0.0012112383226856641,high
0.1421282851074926,0.2120905754086885,0.03837676782710669,high
0.08217691133579401,0.035081760146836324,1.561056908059256,high
0.002059891555876342,0.03955977995905532,0.012284696825422705,high
0.0008646385732815494,0.0023685513726967207,0.001985181888849648,high
0.05277809269321287,0.0038515732221372596,0.05412804661942982,high
0.4230768260790954,0.001058625488239518,0.32064077998062834,high
0.0002093414990661674,0.000245816069302763,0.0001073526716380268,high
0.08751893066978607,0.000509406728807963,0.019535305960280826,high
0.0041633464551558705,0.018641899362791217,0.011286847500082771,high
0.006802495610919366,0.0016850152740006813,0.35757342432357503,high
0.0688729895098659,0.00040415179154959903,0.010557579800405437,high
0.003020030582486949,0.006243114785233389,0.004242700206715435,high
0.006243114785233389,8.347431878430425e-05,0.0019466331281657945,high
6.313705471591782e-05,0.009316273800323878,0.0030518599683609614,high
0.035081760146836324,0.001071830972231689,4.642137975183733,high
0.14214403511298887,0.0043772664256023055,2.3176752038319997,high
0.08751893066978607,1.9861974525123418e-05,0.6238089173742751,high
0.0009109681946447216,0.0008646385732815494,0.0005901435198351598,high
0.08767369190262618,0.010062182552890713,0.050125347307462514,high
0.0038164083359485505,0.001071830972231689,0.00262470364907435,high
0.0027081071888128304,0.0050439199888767305,0.005602755531079676,high
0.02346136183234285,0.00042615707930016163,1.2186706183741856,high
0.004068833037096268,0.06748544932703146,0.007459256454410131,high
0.2590855074553902,0.2123143302018763,0.2550390155304526,high
0.0008479201210236673,3.2796132728119425e-05,0.0001483860376366209,high
0.002700190751970043,0.004677296164279848,0.0024902397640073006,high
0.00028935757000196074,0.00046277895929705104,0.0002459511045030146,high
0.0016850152740006813,0.0029380211841932543,0.002777249449827008,high
0.0005763474629662912,0.005873924929774831,0.48547922694068135,high
0.022981547567958237,0.022981547567958237,0.026017036606499254,high
0.00042615707930016163,5.408690595725983e-05,0.00013491246965480804,high
0.017123197902348918,0.0853743927134145,1.561714248039667,high
0.0026248124366439396,0.04303481242105689,0.007868010564401489,high
0.014944253071976353,0.006498623321356322,0.8674303835328289,high
0.08217691133579401,1.3421509062712367e-06,1.1825348888223963,high
0.0003841494112364109,1.0287696098925971e-05,0.8249416188143259,high
0.004924062966239431,3.5059106937814334e-05,0.0011213152315393473,high
0.006243114785233389,0.0007181792557454349,1.7238321004472805,high
0.04303481242105689,0.00018874948601662348,0.013664971054317914,high
0.009692189049272795,0.05277809269321287,0.02140031685193319,high
0.08751893066978607,0.04639193939388683,0.052745497105891125,high
0.0026248124366439396,0.0005293453746773841,1.0611725777491388,high
0.010475240856365763,0.009432417327096588,0.022393557877715384,high
0.01151707135707119,0.024394533605720657,0.44390783821414925,high
0.0853743927134145,0.0107881012269917,2.0182147641460473,high
0.0050439199888767305,0.05500547666447523,0.01551710622438479,high
0.01151707135707119,0.1228625006983758,0.04415250258797432,high
0.017744383102475378,0.009432417327096588,0.014486730212600815,high
0.03571486554828111,0.017744383102475378,0.7400732835683809,high
0.0015473096384738766,0.2590855074553902,1.291591301102394,high
0.002026457767725169,0.0011218260783887324,1.4379474845172564,high
0.0022905152337043917,0.000509406728807963,0.0006360488061467613,high
0.004396819219904147,0.002331533361213051,0.9592962929080155,high
0.07801695457996234,0.012733765584588353,1.193627127454218,high
0.006498623321356322,0.07897909318351809,0.02315931826456999,high
0.002203827542982468,0.0038515732221372596,3.340029002105689,high
0.1001777372891752,0.0020606311942979725,0.00982343064186534,high
0.04303481242105689,0.0011345889392495756,0.00867671798429367,high
0.0006099403278155988,0.03955977995905532,0.011356311109523409,high
0.17498795476563367,0.0009504457707226163,0.021666081287185043,high
0.0008479201210236673,0.0008479201210236673,0.000760470473360575,high
8.347431878430425e-05,0.0075153346553647775,1.404139195213718,high
0.0041633464551558705,0.007178673806042197,0.005304876904781983,high
0.031731705579745154,0.056389527800266494,0.9637794753569184,high
6.313705471591782e-05,0.012733765584588353,0.0017542976213928846,high
0.0006099403278155988,0.0029380211841932543,1.9995854289070423,high
0.07801695457996234,0.08633866325455913,0.18281845025328367,high
0.001058625488239518,0.056389527800266494,0.44996710289640374,high
0.004924062966239431,0.002493937704136266,1.1901154510313965,high
0.00046277895929705104,0.0026978335081043405,0.0009795001740686335,high
0.002700190751970043,0.03808507685231428,0.5132764248620846,high
0.0041633464551558705,0.05500547666447523,1.1986407300936641,high
0.005626998079092999,0.01681608552908732,0.9720605898078702,high
0.006498623321356322,0.008010734938844983,1.6683043997049891,high
0.2120905754086885,0.022981547567958237,0.2683085002361681,high
0.03808507685231428,0.043434173538784246,0.23860934578132764,high
0.02396636226128167,0.009297924447732024,5.2946067960109495,high
0.003128656023963755,0.01776828914780287,1.2335896081610969,high
0.035081760146836324,0.0029380211841932543,1.6347372189819318,high
0.005626998079092999,0.006840173287281744,0.008089709841083162,high
4.290559188632895e-06,0.08751893066978607,0.6121723461030201,high
0.0075153346553647775,0.006866799985054423,0.007355244408438083,high
0.0238577020697435,0.0016850152740006813,0.01227981792921144,high
0.002359150731934923,0.24900587372291416,0.6773845475965043,high
0.0675726716212354,0.031731705579745154,0.961485561281478,high
0.0188247956153274,0.02346136183234285,1.9854688476419284,high
0.014987094644314856,0.0075153346553647775,1.5070970257688578,high
0.013309275539627017,0.0026104568140979546,0.013045693668603682,high
0.0008479201210236673,0.01681608552908732,1.439382717250926,high
0.03400091439725891,0.020598127770197507,0.022382890096635077,high
3.5059106937814334e-05,0.24900587372291416,0.0049548810726149995,high
0.05416468839687199,0.003785164232577155,1.364608241998958,high
0.001471648325338625,0.0011218260783887324,0.0023005481790015227,high
0.0026978335081043405,0.0369973741015434,1.6393269937929025,high
0.06748544932703146,0.031731705579745154,0.03207971866644756,high
0.0009877776578893413,3.5059106937814334e-05,0.9270831472959783,high
0.0026248124366439396,0.04639193939388683,0.009087347851101723,high
0.03292293360095105,0.006802495610919366,0.29269952374111424,high
1.8612117895966222e-06,0.04070042197147075,1.0280846163787443,high
0.005626998079092999,0.009316273800323878,1.147968371675251,high
0.14501403317281558,0.0038164083359485505,0.00776371134863556,high
0.02396636226128167,0.00018874948601662348,0.00676259890618068,high
0.0023685513726967207,0.005107149556506964,0.005031778533162526,high
0.005443510900261806,0.0776776728273304,0.07730454140234766,high
0.03292293360095105,0.2590855074553902,0.2699856571866497,high
0.0007181792557454349,0.05783490398788474,0.042305058156279836,high
8.347431878430425e-05,0.03760750144043096,0.008659218439859033,high
0.013801268862024842,0.014987094644314856,1.7458565375879749,high
0.019200477139745046,0.0012172449083603944,0.006144127534540986,high
0.0011345889392495756,0.009546384766376027,0.007338654631342796,high
0.0044643689080938525,0.00046277895929705104,0.0013807221837038191,high
0.052668221843589914,0.0015473096384738766,0.004827421965817138,high
0.0038164083359485505,0.12156807692200733,1.702272222452388,high
0.0011218260783887324,0.0043974094780275,0.002461780672112863,high
0.0026104568140979546,0.00011472845085269196,0.5884781208931706,high
0.1421282851074926,0.02346136183234285,0.23361926274858788,high
4.164509139406683e-08,0.006802495610919366,0.768381513423457,high
0.007376551904537709,0.05416468839687199,1.401654247368166,high
0.006840173287281744,0.013271377082283507,0.4562671820283859,high
0.0025477456451380924,0.018921029158112397,0.00574297063454382,high
0.0038164083359485505,5.408690595725983e-05,0.0009508188392951981,high
0.004949595083572717,0.0034523602348175953,0.004628504462823021,high
0.05277809269321287,0.0009504457707226163,0.0031373079916192825,high
0.0033214942630977505,0.0023685513726967207,1.71744219885197,high
0.00042615707930016163,0.009546384766376027,0.5476289020634522,high
0.009316273800323878,0.00030054352858565085,2.297183535818218,high
0.014944253071976353,0.04070042197147075,0.5231687050795613,high
0.06681227116428265,6.437892671989258e-06,1.0430238761096633,high
5.408690595725983e-05,0.0776776728273304,0.011034816071614193,high
0.003128656023963755,0.059791688401951065,0.023493452887166377,high
5.408690595725983e-05,0.7238461366363096,1.2827317837663903,high
0.0026104568140979546,0.006243114785233389,1.3344093315840768,high
0.14501403317281558,0.1421282851074926,0.08448997118051034,high
0.06414372080553697,0.003128656023963755,1.5940436789693422,high
0.0020606311942979725,0.0003841494112364109,0.0006750403034228726,high
0.00021013083256586453,1.4038598114078009e-05,3.0657486957583844,high
0.00597547111430305,0.0027081071888128304,1.183097936701638,high
6.313705471591782e-05,0.009692189049272795,1.367043464003383,high
0.1001777372891752,0.08751893066978607,1.002353747472526,high
0.14214403511298887,0.020598127770197507,0.06282795136383584,high
0.0009109681946447216,0.05277809269321287,0.591285100066179,high
0.0029380211841932543,0.001423134033945105,0.5127885694263121,high
0.0002093414990661674,0.0675726716212354,0.021964795276858472,high
0.02343226773405609,1.1523569587450905e-06,0.27365605964970624,high
0.07801695457996234,0.006243114785233389,4.798460422901514,high
0.009104406753730847,0.05500547666447523,3.110140254180124,high
1.9861974525123418e-05,0.00036571690963330567,0.00020355994884059758,high
0.01681608552908732,0.2120905754086885,0.05424464964363541,high
0.08633866325455913,0.05098631205791504,1.4152226247497257,high
0.18689867280584935,0.0025477456451380924,0.015116575980348615,high
0.008997295889210246,0.08633866325455913,0.20648115857193922,high
0.017812778569423583,0.12156807692200733,0.06927591845698046,high
6.437892671989258e-06,0.000245816069302763,4.9836122407232315e-05,high
0.002059891555876342,0.003785164232577155,0.002529142061583905,high
0.0002093414990661674,0.006243114785233389,1.484669895566253,high
0.013309275539627017,0.009297924447732024,0.010191090867892343,high
0.013592909289489398,0.04303481242105689,0.01647026824268916,high
0.02850006104338262,1.3421509062712367e-06,0.008114255934634853,high
0.012615282874899443,0.026642793231001206,0.30818416437111074,high
0.052685829047988346,0.001471648325338625,0.0032634356608035164,high
0.24900587372291416,0.006840173287281744,0.16073490211939176,high
0.012733765584588353,0.004899852767159913,0.006694585892113085,high
0.001058625488239518,0.00046277895929705104,0.0005516847198437526,high
0.014987094644314856,0.00040415179154959903,1.1436391250746683,high
0.001423134033945105,0.0011386578129532086,0.000985404458496779,high
0.017812778569423583,0.011712133564089606,0.03186419900155665,high
0.0473087151697138,0.0026978335081043405,0.018955321771162614,high
0.00028935757000196074,0.016176996098111882,1.3991359624557782,high
0.0026978335081043405,0.019200477139745046,1.70227857076279,high
0.07897909318351809,0.012615282874899443,0.02334766994756353,high
0.18830541207499898,0.03897170307891879,1.1572775794026167,high
0.011151586385164886,7.87866818780702e-05,0.005535796468618777,high
0.000245816069302763,0.03517297721390867,0.0133948960211307,high
0.012142468371402584,0.4230768260790954,0.027608954970068326,high
0.006821476630564396,0.00597547111430305,0.005357606714509317,high
0.019184761759015265,0.17748525274727214,0.3339778103137753,high
7.684483030019544e-05,0.00018079955387981884,0.00019513123464907675,high
0.052685829047988346,0.05500547666447523,0.5305985469318155,high
0.05277809269321287,0.04413831282003773,0.03465082851877262,high
0.0011386578129532086,0.14214403511298887,0.02283213809907103,high
0.008010734938844983,0.05500547666447523,1.7803407838995613,high
0.056389527800266494,0.04413831282003773,0.03436996021069397,high
0.2590855074553902,0.07897909318351809,2.851151543040727,high
0.001423134033945105,0.005626998079092999,0.7035743471516276,high
0.0025477456451380924,0.010475240856365763,2.446534597936671,high
0.010978546089401513,0.028430593108728145,0.7260730605363467,high
0.00294211620833466,0.006821476630564396,1.657191065282849,high
0.01681608552908732,0.02850006104338262,0.011428399262038228,high
0.00042615707930016163,0.1250588616590003,1.6621223463372552,high
0.05277809269321287,0.03760750144043096,1.3164472894383499,high
0.0043974094780275,0.0369973741015434,0.016339002555049515,high
0.07801695457996234,0.17498795476563367,0.03789927456819113,high
0.05783490398788474,0.01151707135707119,0.024758067479108695,high
0.01776828914780287,0.009747017141938446,0.014629143957687185,high
0.006866799985054423,0.000873232752538462,1.3120713710551606,high
0.006866799985054423,0.002089359810100423,0.009289258668553515,high
0.011712133564089606,5.408690595725983e-05,1.2641747224285433,high
0.05648094782992339,0.00036571690963330567,0.01907107079231181,high
0.04303481242105689,7.216222580651927e-05,1.4252005057995445,high
0.02343226773405609,0.07801695457996234,0.01326192570034451,high
0.0025477456451380924,0.0025477456451380924,0.002123362784941156,high
0.002203827542982468,0.005873924929774831,0.007129784292466697,high
0.14214403511298887,0.2590855074553902,1.3047851077857155,high
0.013271377082283507,0.001058625488239518,0.0027855293636632112,high
0.0688729895098659,0.018641899362791217,0.0227259598342187,high
0.0026104568140979546,0.08633866325455913,0.10541560775260689,high
0.05648094782992339,0.00040415179154959903,0.018257688839107663,high
0.009297924447732024,0.02396636226128167,5.293732108895083,high
0.024394533605720657,0.019165000269945408,0.02504168960126996,high
0.0029749078086452195,0.002700190751970043,0.5501828897913399,high
0.010978546089401513,1.057048462830047e-06,0.00434585444030362,high
0.003020030582486949,0.027415537685567676,0.008384225801804512,high
0.019200477139745046,0.002203827542982468,1.918559571106305,high
0.023996880753039202,0.043434173538784246,1.68491516338035,high
0.0003841494112364109,0.17498795476563367,0.022043910995337444,high
0.0043974094780275,5.408690595725983e-05,0.0013332510624462785,high
0.00046277895929705104,0.0029380211841932543,0.4854351781283971,high
1.9861974525123418e-05,0.06414372080553697,0.017274929664057585,high
0.017857075238707096,0.017944053479216248,2.853751852365725,high
0.0029380211841932543,0.003020030582486949,0.4724907153503686,high
0.009104406753730847,0.0028437860619595317,0.0042768185761363296,high
0.05190524176203323,4.164509139406683e-08,0.0011307541811741905,high
0.009432417327096588,0.04447957938906973,0.020317532386188986,high
0.01776828914780287,0.01776828914780287,0.01683917420825723,high
0.010475240856365763,0.08767369190262618,1.1927642657208763,high
0.03517297721390867,0.019165000269945408,1.7508421799478966,high
0.0034523602348175953,0.006866799985054423,0.003472893246853518,high
0.000658682721073754,0.03571486554828111,0.009183140251249049,high
0.007178673806042197,0.002493937704136266,0.005245059854728458,high
0.019200477139745046,0.005626998079092999,0.013474085400491317,high
0.0023685513726967207,0.0043974094780275,0.803854789158018,high
0.07897909318351809,0.004899852767159913,0.020690254826579962,high
0.25796493607087195,0.0008479201210236673,0.17977061270159445,high
0.052685829047988346,0.12156807692200733,0.282734344228432,high
0.005778380007529734,0.0776776728273304,0.021948652938456874,high
0.00597547111430305,0.006802495610919366,1.6243997991475494,high
7.684483030019544e-05,0.02814421457898402,0.5315561806583592,high
0.056389527800266494,0.014621548805489264,0.9217532490945566,high
0.024394533605720657,0.00042615707930016163,0.2854074244048237,high
0.2123143302018763,0.7162570010709595,0.23709633412206266,high
0.2590855074553902,0.013592909289489398,1.6172954485422435,high
0.009692189049272795,0.08217691133579401,0.0363689563873808,high
0.0107881012269917,6.313705471591782e-05,3.5761244588415675,high
0.002026457767725169,0.04639193939388683,0.006249991070216985,high
3.5059106937814334e-05,0.004396819219904147,1.4155770415038336,high
0.05098631205791504,0.2120905754086885,0.3463999475112259,high
0.043434173538784246,0.0002093414990661674,1.8937771482223158,high
0.00401027356591414,0.0043772664256023055,0.0026202207115254006,high
0.2590855074553902,0.010062182552890713,2.8075718216887817,high
6.313705471591782e-05,0.7238461366363096,0.014906872426915125,high
0.052685829047988346,0.007376551904537709,1.3137545793942724,high
0.1228625006983758,0.2123143302018763,0.5266538144974228,high
0.006840173287281744,0.0006099403278155988,0.4109232059864557,high
0.008997295889210246,0.0002093414990661674,0.00776375564678659,high
0.007376551904537709,0.0188247956153274,2.1373934704749917,high
0.005873924929774831,0.024293460118402797,0.025563402544629635,high
0.0008479201210236673,0.022981547567958237,0.01394988983485984,high
0.0033214942630977505,0.01681608552908732,1.4773424953874592,high
0.014987094644314856,0.0038515732221372596,1.930760676584027,high
6.313705471591782e-05,0.002089359810100423,1.6144695597848513,high
0.0005763474629662912,0.2123143302018763,0.0008608113591592617,high
0.11864826337733243,0.019184761759015265,1.9363701382009941,high
0.00603735829278677,0.031731705579745154,0.015752645118939822,high
0.012733765584588353,0.05416468839687199,1.4629327818411202,high
0.05098631205791504,0.0688729895098659,0.04417533842917989,high
0.2590855074553902,7.216222580651927e-05,0.056058998317374285,high
0.03400091439725891,0.14214403511298887,0.06015168562256303,high
0.02396636226128167,0.056389527800266494,1.3457553068175445,high
0.02343226773405609,0.011151586385164886,0.017886756936070333,high
0.0007181792557454349,0.008997295889210246,0.006093626758755399,high
0.012733765584588353,0.0009504457707226163,0.9603044771607426,high
0.08633866325455913,0.001471648325338625,0.16698513087132036,high
0.3635360729179824,0.0036677524511076532,0.012980736172893227,high
0.023996880753039202,0.1228625006983758,0.11089286000802438,high
0.0029749078086452195,0.012142468371402584,0.0064595779413227136,high
0.018641899362791217,7.684483030019544e-05,0.006251794820933882,high
0.03955977995905532,0.0038515732221372596,0.9010136433400657,high
0.03517297721390867,0.004396819219904147,0.017111275942208702,high
0.0044198380400671975,0.0044198380400671975,0.0036755066053013375,high
0.010475240856365763,0.056389527800266494,0.05179068691651243,high
0.008603979723199838,0.0036677524511076532,0.006213713570751802,high
0.17498795476563367,0.013930288334096017,0.029711931975545235,high
0.0028437860619595317,0.002026457767725169,1.8863160228579097,high
0.009747017141938446,0.026642793231001206,0.015585099005389545,high
0.0007181792557454349,0.0008479201210236673,0.0005257984850103092,high
0.004677296164279848,0.009692189049272795,0.6540771601587926,high
0.0033487439907803275,0.3194368307202457,0.03324310278441523,high
0.00021013083256586453,0.002331533361213051,0.0008473388824886392,high
0.7162570010709595,4.164509139406683e-08,0.007198181702803552,high
0.0776776728273304,0.000509406728807963,1.5201744206068508,high
0.02346136183234285,0.001058625488239518,0.006036028409758273,high
0.03292293360095105,0.013930288334096017,0.01537051051967925,high
0.052685829047988346,0.002203827542982468,2.608155152292193,high
0.00597547111430305,0.06681227116428265,1.855906085932359,high
0.0050439199888767305,0.002203827542982468,0.001901860692183071,high
0.013592909289489398,0.0033214942630977505,1.9370558003045024,high
0.24900587372291416,0.0009877776578893413,0.3332198463044337,high
0.005626998079092999,0.039052687132020966,0.019444560027833933,high
0.2120905754086885,0.003558731140648275,0.010597990006170286,high
0.003128656023963755,0.020598127770197507,0.005975279935549134,high
0.004396819219904147,0.027949443499074595,2.5221188963338164,high
0.3194368307202457,7.216222580651927e-05,0.026544160066157733,high
0.012142468371402584,0.06414372080553697,0.059366863591187286,high
0.0473087151697138,3.2796132728119425e-05,1.1059217625006637,high
0.00028935757000196074,0.1001777372891752,1.5694195430380047,high
0.003020030582486949,0.009432417327096588,0.8293304574918752,high
0.005873924929774831,1.0287696098925971e-05,0.001111333754395496,high
0.0038515732221372596,0.013271377082283507,5.29276815415204,high
0.003020030582486949,0.004068833037096268,0.002552523822427421,high
0.00046277895929705104,0.005107149556506964,0.0012744631090979809,high
0.010784729359303049,0.009432417327096588,1.1957598929639304,high
0.026642793231001206,0.0776776728273304,0.08717390043734577,high
0.08751893066978607,0.09685066995231828,1.7343334174011238,high
0.1430179228051812,0.010475240856365763,0.041787104055847415,high
0.00036571690963330567,0.04447957938906973,0.012199727235083278,high
0.03400091439725891,0.017944053479216248,1.059413060139413,high
0.024293460118402797,0.0015473096384738766,0.0074061915204005225,high
0.0028437860619595317,0.00040415179154959903,0.0015686556861715223,high
7.216222580651927e-05,0.013309275539627017,0.005303540533594771,high
0.06681227116428265,0.008010734938844983,1.0388535388357574,high
0.14214403511298887,0.0238577020697435,0.8319256536103546,high
0.00018874948601662348,0.006498623321356322,0.001985436773462232,high
6.313705471591782e-05,0.006802495610919366,0.0020106154531519616,high
0.024394533605720657,0.06414372080553697,0.7496253595760396,high
0.0473087151697138,0.0023685513726967207,0.010700867211182885,high
8.925209588696401e-08,0.0011386578129532086,0.0002607215135852245,high
6.313705471591782e-05,0.18830541207499898,0.8238463339824338,high
0.001423134033945105,0.02396636226128167,0.006319270766257195,high
0.02814421457898402,0.0107881012269917,1.7623464594104152,high
0.024293460118402797,0.000509406728807963,0.007437364619220688,high
1.9861974525123418e-05,0.013930288334096017,0.003410639326394052,high
0.0029909870229741214,0.00603735829278677,0.005022792899899305,high
0.00052455801784469,0.17498795476563367,0.10677152746242843,high
0.0043974094780275,0.00021013083256586453,0.44977134113170353,high
0.02814421457898402,0.009297924447732024,1.74540555024789,high
0.018921029158112397,0.0009877776578893413,0.96869104422077,high
0.014621548805489264,0.7238461366363096,0.034852531503536996,high
0.03571486554828111,0.0033214942630977505,2.6084444520946652,high
0.002203827542982468,0.012733765584588353,0.006319420678462666,high
0.0033214942630977505,0.030338307904057064,3.1277669563175494,high
0.08767369190262618,0.006840173287281744,0.5380565142505732,high
0.024293460118402797,1.8612117895966222e-06,0.6068294856568872,high
0.007357969865052252,0.0107881012269917,0.008451034990610302,high
0.1430179228051812,0.0029909870229741214,1.5433697440400203,high
0.0030511893023016544,0.0009007468553203104,1.9350499411324693,high
0.017857075238707096,0.04639193939388683,0.023097356170286167,high
0.006802495610919366,0.0043772664256023055,1.0613191744705588,high
0.11864826337733243,0.009546384766376027,1.8888214550288034,high
0.004677296164279848,0.011712133564089606,0.02449878146956592,high
5.408690595725983e-05,0.012142468371402584,0.003034646044071205,high
0.03292293360095105,4.290559188632895e-06,0.003488939251908974,high
0.001058625488239518,0.013592909289489398,0.003797612872914261,high
0.02343226773405609,0.1421282851074926,0.06577720679548016,high
0.1250588616590003,0.010784729359303049,0.0066810303099287625,high
0.005778380007529734,0.0029909870229741214,0.6645244370707153,high
0.0034523602348175953,0.0028437860619595317,0.002780784857718277,high
0.00011472845085269196,0.7238461366363096,0.011806213852617113,high
0.0034523602348175953,0.3635360729179824,0.5722570849262487,high
0.0050439199888767305,0.009692189049272795,1.3142869895014726,high
0.001071830972231689,0.0003841494112364109,0.000691154118417088,high
0.004068833037096268,0.0009504457707226163,1.2113793721616355,high
0.05783490398788474,0.0011386578129532086,0.31751544975872553,high
0.0044198380400671975,0.0028437860619595317,0.0031355971019048677,high
1.0287696098925971e-05,0.01681608552908732,0.004431670702795496,high
0.0075153346553647775,0.07801695457996234,0.0179471314373874,high
0.04070042197147075,0.020990339024878776,0.7029258355814474,high
0.2123143302018763,0.006498623321356322,0.9596579806607877,high
0.0033487439907803275,0.009104406753730847,0.0055278476334316325,high
0.0009007468553203104,0.006243114785233389,0.001391998278414604,high
0.0036677524511076532,0.0075153346553647775,2.869231089186623,high
0.002203827542982468,0.0005293453746773841,1.879011151054017,high
0.006802495610919366,1.9861974525123418e-05,1.4293715079297553,high
0.0050439199888767305,0.1430179228051812,1.1199750232594563,high
0.000509406728807963,0.03808507685231428,0.6353775647084654,high
0.0473087151697138,0.002927085185450191,0.039857227928105525,high
0.031731705579745154,0.00018874948601662348,0.015560899913891327,high
0.002089359810100423,0.010475240856365763,0.004922905156283056,high
0.009747017141938446,0.052685829047988346,0.003865477391067561,high
0.03760750144043096,0.007357969865052252,1.8443238964138764,high
0.000873232752538462,0.0005293453746773841,0.9328148788197984,high
0.052685829047988346,0.11864826337733243,0.1043492377428943,high
0.17748525274727214,0.007357969865052252,0.03382432164488977,high
0.0005293453746773841,0.014987094644314856,2.0728318834297403,high
0.003558731140648275,0.002089359810100423,1.795878013203098,high
0.002331533361213051,0.000245816069302763,1.2410935812107815,high
0.013271377082283507,0.0003841494112364109,0.8289565523597853,high
0.010062182552890713,0.0050439199888767305,0.006557007666167352,high
0.019184761759015265,0.0025477456451380924,0.01009655885131547,high
0.00021013083256586453,0.000658682721073754,0.0003598828486798037,high
0.0032042217245257646,0.030338307904057064,0.007300300327455244,high
0.09685066995231828,0.07801695457996234,0.08355423227922947,high
0.04447957938906973,0.00042615707930016163,0.013809787063581087,high
0.11864826337733243,0.0022905152337043917,0.23119620438996344,high
0.000245816069302763,0.0032042217245257646,1.2825480772170328,high
0.009297924447732024,0.010978546089401513,0.7893457864831126,high
0.14501403317281558,0.0029749078086452195,0.05058428605514299,high
1.057048462830047e-06,0.0036677524511076532,0.0009234497804497799,high
0.00036571690963330567,3.5059106937814334e-05,1.587569000984675,high
0.004396819219904147,7.684483030019544e-05,0.0010727661236222816,high
0.027949443499074595,0.03760750144043096,0.023314677030054565,high
0.004949595083572717,0.0036677524511076532,4.642881461493738,high
0.0034523602348175953,0.004068833037096268,1.02144633451753,high
0.05190524176203323,0.05277809269321287,0.05086121396569445,high
0.035081760146836324,0.03517297721390867,2.35704405546792,high
0.0029749078086452195,0.027949443499074595,0.765940578445578,high
0.0041633464551558705,0.017123197902348918,0.009733607069877782,high
0.006840173287281744,0.0005293453746773841,0.003148842068794043,high
0.012615282874899443,0.014621548805489264,0.01204270762864926,high
0.009546384766376027,0.012733765584588353,0.010422230257300465,high
0.035081760146836324,0.25796493607087195,0.3996536183643738,high
0.009747017141938446,0.0009877776578893413,0.005297952147926784,high
0.0853743927134145,0.0029380211841932543,1.6773159726729228,high
0.00036571690963330567,0.0008479201210236673,0.0004048657499120925,high
0.12156807692200733,0.002203827542982468,0.05683458957862203,high
0.003020030582486949,0.014621548805489264,0.0060088507153844995,high
3.5059106937814334e-05,0.17748525274727214,0.7008186392950095,high
0.000509406728807963,0.0026978335081043405,0.0018270083924229754,high
0.011712133564089606,0.026642793231001206,1.354757411471194,high
0.000873232752538462,0.03292293360095105,0.8737890251999949,high
0.14501403317281558,0.05277809269321287,0.12432347881434999,high
0.14214403511298887,0.006498623321356322,0.017429741873204695,high
0.004924062966239431,0.004949595083572717,1.0081286244050305,high
0.17498795476563367,0.2123143302018763,0.2616157109595326,high
0.028430593108728145,0.0027081071888128304,1.7900454193050057,high
0.0002093414990661674,4.290559188632895e-06,7.49110932211236e-05,high
0.03760750144043096,0.0034523602348175953,3.043625032405183,high
0.003128656023963755,1.1523569587450905e-06,0.0008021389649920296,high
0.0005293453746773841,0.004899852767159913,0.824116369828966,high
1.0287696098925971e-05,0.018921029158112397,0.0010132091895206608,high
0.009692189049272795,0.05416468839687199,0.011899405917114242,high
0.006802495610919366,0.0034523602348175953,1.1059536907696177,high
0.008997295889210246,0.017812778569423583,1.5252364358733745,high
0.11864826337733243,0.002331533361213051,0.35457349313911457,high
0.08751893066978607,0.024293460118402797,0.03243844564073796,high
1.9861974525123418e-05,0.0238577020697435,0.008539560237806158,high
0.0776776728273304,0.00018079955387981884,0.014279809990291681,high
0.03955977995905532,0.05648094782992339,1.5125978625563947,high
0.002700190751970043,0.24900587372291416,0.00435547250288789,high
0.00018874948601662348,0.0044198380400671975,1.1610996816360686,high
1.3421509062712367e-06,0.0034523602348175953,1.6446879871953646,high
0.022981547567958237,8.925209588696401e-08,0.5058115587943004,high
0.009316273800323878,0.09685066995231828,0.5313267568739696,high
0.013930288334096017,0.0009109681946447216,1.0883546367074737,high
0.0038515732221372596,0.07897909318351809,0.9741729498955809,high
0.001058625488239518,0.05831739576699525,0.6914466569107046,high
0.1430179228051812,0.003785164232577155,1.4838998905809104,high
0.0688729895098659,0.043434173538784246,0.4927038208332844,high
0.022981547567958237,0.04413831282003773,0.03934738048545036,high
0.0033487439907803275,0.0008479201210236673,0.0018971587567388488,high
0.011151586385164886,0.0238577020697435,0.014493455490985014,high
0.010062182552890713,0.011712133564089606,0.022172564688773183,high
0.005107149556506964,0.017857075238707096,0.013965516354386358,high
0.03897170307891879,0.0009109681946447216,0.008930428657162107,high
0.04070042197147075,0.000509406728807963,0.008641796288158258,high
0.0011218260783887324,0.024394533605720657,0.7988812808067788,high
0.052685829047988346,0.005443510900261806,0.0038091186359984364,high
0.00018079955387981884,0.002026457767725169,2.0146545994043152,high
0.0369973741015434,0.0016850152740006813,0.014127578618276387,high
0.08217691133579401,0.0036677524511076532,1.5355651450486414,high
0.005626998079092999,0.09685066995231828,0.10874973407400096,high
0.0044643689080938525,1.0287696098925971e-05,0.000822326470850607,high
0.06414372080553697,0.07597638773349064,0.10379938877077376,high
0.031731705579745154,0.05500547666447523,0.035471405841642024,high
0.027949443499074595,0.0238577020697435,1.7969907139251455,high
0.0075153346553647775,0.09685066995231828,0.04035667908498091,high
8.347431878430425e-05,0.009747017141938446,1.5115672639632975,high
0.002700190751970043,1.8612117895966222e-06,0.5878315646501012,high
0.05500547666447523,0.0030511893023016544,1.0858627967102303,high
0.014621548805489264,0.02346136183234285,0.024627053054481797,high
0.010784729359303049,0.010062182552890713,0.010955538072850001,high
0.00597547111430305,0.039052687132020966,0.014125191692968029,high
0.18830541207499898,0.3194368307202457,0.09978925892857717,high
0.003020030582486949,0.05648094782992339,1.191270420639787,high
0.018641899362791217,0.25796493607087195,0.33807194720453254,high
0.02343226773405609,0.7162570010709595,0.04970648589441173,high
3.2796132728119425e-05,0.02814421457898402,1.354281053368122,high
0.03760750144043096,0.0023685513726967207,0.01196110611536567,high
0.011151586385164886,0.009692189049272795,0.010666743985453446,high
0.009816841325015018,0.04303481242105689,0.012493425089384367,high
0.0009504457707226163,0.0688729895098659,0.010406838404477394,high
0.030194089927824717,0.0675726716212354,0.04494551109225443,high
0.00011472845085269196,0.013271377082283507,0.0024825634863199064,high
0.05783490398788474,0.014944253071976353,0.028088080540729844,high
0.0026978335081043405,8.925209588696401e-08,0.0014893054251729474,high
0.03955977995905532,0.039052687132020966,1.707922555947785,high
8.347431878430425e-05,0.0022905152337043917,0.0008694524123178684,high
0.1250588616590003,0.03760750144043096,0.03938610312266829,high
0.0027081071888128304,6.313705471591782e-05,0.00106455856267081,high
0.0033487439907803275,0.08767369190262618,1.063654787644899,high
0.0022905152337043917,0.008010734938844983,1.4906948139448002,high
0.05277809269321287,0.026642793231001206,0.038357742798336945,high
0.02814421457898402,0.0011345889392495756,0.008277728213517759,high
0.07801695457996234,1.9326284938706254e-05,0.1418181023522026,high
0.06414372080553697,0.1250588616590003,0.23829957990564196,high
0.024394533605720657,0.0002093414990661674,0.6177552839912475,high
7.87866818780702e-05,0.0005763474629662912,0.00043014726155565563,high
0.059791688401951065,0.008603979723199838,0.024133080563852757,high
0.05416468839687199,0.009104406753730847,0.027745612946319095,high
0.035081760146836324,0.0044198380400671975,1.6979409809946475,high
0.7238461366363096,0.0002093414990661674,2.4719058587950835,high
0.003020030582486949,0.04639193939388683,0.006793500945751373,high
0.004677296164279848,0.25796493607087195,1.8456995857542966,high
0.0007181792557454349,0.0028437860619595317,0.000728705762965706,high
0.0050439199888767305,0.013592909289489398,0.005756958922731519,high
0.0776776728273304,0.004396819219904147,0.02130734676719372,high
0.11864826337733243,1.1523569587450905e-06,0.272956965981555,high
0.001423134033945105,0.002359150731934923,1.2561173634532994,high
0.007357969865052252,0.002927085185450191,1.2896528074806834,high
0.0003841494112364109,0.009297924447732024,0.0026773802342751956,high
0.006498623321356322,0.05190524176203323,0.5788684428842771,high
0.4230768260790954,0.031731705579745154,0.3235739644648088,high
0.2123143302018763,0.06748544932703146,0.8521039415741876,high
0.1001777372891752,0.08217691133579401,0.054731231662982036,high
0.0029749078086452195,8.925209588696401e-08,3.129684010406793,high
1.4038598114078009e-05,0.039052687132020966,0.006757805009677722,high
1.4038598114078009e-05,0.0034523602348175953,0.0010504454180995896,high
0.06681227116428265,0.007178673806042197,5.293736072337884,high
0.04070042197147075,0.06224239364780474,0.05185450086448606,high
1.9861974525123418e-05,0.013271377082283507,3.2612392430720094,high
0.03517297721390867,0.004949595083572717,0.013137834746015214,high
0.005107149556506964,0.001071830972231689,1.809885489785346,high
0.043434173538784246,0.019184761759015265,0.03220652885611587,high
0.013309275539627017,0.0020606311942979725,0.005498144123377617,high
0.019165000269945408,0.06748544932703146,0.013719296757721558,high
0.0027081071888128304,0.010475240856365763,1.273583788586342,high
0.027415537685567676,0.0044643689080938525,0.01025711956516401,high
0.000245816069302763,0.17748525274727214,0.00778893693539549,high
0.0043974094780275,0.0853743927134145,1.5600637052313788,high
0.01151707135707119,0.019165000269945408,1.561731996017682,high
0.03571486554828111,0.3635360729179824,0.03184287715678405,high
0.0008646385732815494,0.07801695457996234,2.0486429506171366,high
0.0020606311942979725,0.002359150731934923,0.0018236731117545486,high
0.009546384766376027,0.18830541207499898,1.318458572292638,high
0.017857075238707096,0.024394533605720657,0.031159295646425226,high
0.024293460118402797,0.12156807692200733,0.06867946413937606,high
0.00042615707930016163,0.008010734938844983,0.0028129320165542608,high
0.052668221843589914,0.010784729359303049,0.038365619921873796,high
0.00042615707930016163,0.0675726716212354,0.027419470389700676,high
0.08633866325455913,0.019184761759015265,0.039141486827878935,high
0.006498623321356322,0.000658682721073754,0.003842524494871735,high
0.0009109681946447216,0.01151707135707119,1.2314255158161336,high
0.03517297721390867,1.057048462830047e-06,0.6401609138958119,high
0.035081760146836324,0.0011386578129532086,0.01907570599264857,high
0.07801695457996234,0.7238461366363096,2.8833956536360033,high
0.012142468371402584,0.00036571690963330567,0.003858538365996969,high
0.020598127770197507,0.0005293453746773841,2.289052730431779,high
0.009747017141938446,0.0030511893023016544,0.006533738611058101,high
0.0015473096384738766,1.0287696098925971e-05,0.0005220702829551778,high
0.006243114785233389,0.018641899362791217,0.6689876583416549,high
0.00018874948601662348,0.0005763474629662912,0.954091822234685,high
0.0026978335081043405,0.06306761936769667,1.7394025687669745,high
0.0028437860619595317,0.2123143302018763,0.007069414340279187,high
0.0026104568140979546,0.02814421457898402,0.41045939183688646,high
0.033746194025628104,0.004677296164279848,0.19892462425028484,high
5.408690595725983e-05,0.05098631205791504,0.01511193495919776,high
0.013271377082283507,0.004068833037096268,0.00586038339312476,high
0.05783490398788474,0.00018874948601662348,1.6120564357656224,high
0.03400091439725891,0.010062182552890713,0.02668688789893716,high
0.00028935757000196074,0.014944253071976353,3.516606046350544,high
0.0041633464551558705,0.002700190751970043,0.7398142584103856,high
0.009297924447732024,0.0026104568140979546,0.005206014136880084,high
0.0012172449083603944,0.02396636226128167,1.3568454659409028,high
0.0675726716212354,0.00018079955387981884,0.02267552793920042,high
0.028430593108728145,0.0030511893023016544,0.008499850007272642,high
0.006498623321356322,0.17748525274727214,0.4571630510717049,high
0.1228625006983758,0.002203827542982468,1.5466801541242583,high
0.001471648325338625,0.017857075238707096,0.41600538098118967,high
0.00597547111430305,0.08751893066978607,3.1238645703133803,high
0.0044198380400671975,1.0287696098925971e-05,3.0100442342665885,high
0.0029380211841932543,0.001471648325338625,0.001552008922347352,high
0.00294211620833466,0.0012172449083603944,5.294359348027773,high
0.0005293453746773841,0.7162570010709595,0.022366551503728016,high
0.002331533361213051,0.0026978335081043405,0.0032181561268400495,high
0.01151707135707119,0.002927085185450191,1.057872157162609,high
0.004949595083572717,0.009816841325015018,1.7598652157204242,high
0.013271377082283507,0.00046277895929705104,0.0026604203538061156,high
0.009747017141938446,0.000509406728807963,1.9153697852813962,high
0.0008646385732815494,0.002359150731934923,1.4342331684954026,high
1.9861974525123418e-05,0.0033487439907803275,0.0014444587272712433,high
0.08767369190262618,0.002700190751970043,0.008608901662520561,high
0.014621548805489264,0.08767369190262618,0.022835112617394158,high
0.2590855074553902,0.05416468839687199,0.18849707176530284,high
0.1430179228051812,0.0473087151697138,1.519057205044375,high
0.010784729359303049,0.07801695457996234,1.211602306086313,high
0.024394533605720657,0.24900587372291416,0.01708972674620072,high
0.0015473096384738766,0.0029380211841932543,1.7309367239942868,high
0.005107149556506964,1.8612117895966222e-06,1.850022318790498,high
0.0188247956153274,0.019165000269945408,2.740058333046268,high
0.003020030582486949,0.00021013083256586453,0.0008323814235200616,high
0.08217691133579401,0.14501403317281558,0.08932270955205732,high
0.000245816069302763,0.07801695457996234,0.0037691600623828213,high
1.0287696098925971e-05,0.17748525274727214,0.3909293004454934,high
0.0009504457707226163,0.05783490398788474,0.0166730615448862,high
0.017812778569423583,8.925209588696401e-08,0.011100110894096895,high
0.007357969865052252,0.0050439199888767305,1.2289146975972032,high
0.010978546089401513,0.009104406753730847,0.6356817512760142,high
0.0107881012269917,0.002089359810100423,0.004065810304561613,high
0.0473087151697138,0.00021013083256586453,0.03613576580195217,high
0.010475240856365763,0.005443510900261806,0.0054755195441300395,high
1.3421509062712367e-06,0.02850006104338262,0.008114255934635084,high
0.0027081071888128304,0.0044643689080938525,0.0033164898846611596,high
0.0027081071888128304,0.0009109681946447216,0.0013144344523557585,high
0.0369973741015434,0.004677296164279848,0.44443804299030604,high
0.035081760146836324,1.057048462830047e-06,0.008038712396292048,high
0.00294211620833466,0.3635360729179824,0.00697559337336194,high
0.009316273800323878,0.17748525274727214,1.2749804096340944,high
0.001471648325338625,0.010062182552890713,1.976778001192492,high
0.0011386578129532086,0.4230768260790954,1.6993192777977777,high
0.00018079955387981884,0.0030511893023016544,0.0013305160383210832,high
1.8612117895966222e-06,0.002331533361213051,2.3523549873620535,high
0.008603979723199838,0.00046277895929705104,0.0021522361153053023,high
8.347431878430425e-05,0.04447957938906973,2.6046564305669677,high
0.007357969865052252,0.030338307904057064,2.567415057127892,high
0.04447957938906973,0.007178673806042197,0.01698544383623701,high
0.05098631205791504,0.019184761759015265,1.9916838470369533,high
0.007376551904537709,4.164509139406683e-08,1.2235873920556386,high
0.00021013083256586453,0.003020030582486949,0.0008323814235204016,high
0.07597638773349064,0.010784729359303049,1.8027281674960682,high
0.05500547666447523,0.04413831282003773,0.9030378372735014,high
0.07897909318351809,0.0041633464551558705,3.001452233051978,high
0.0041633464551558705,0.0044198380400671975,0.0073687968032306395,high
0.023996880753039202,0.1250588616590003,1.1396972206888325,high
0.05500547666447523,0.006840173287281744,0.5565161869822721,high
0.004874177069770953,0.05277809269321287,3.2126145183800365,high
0.0022905152337043917,0.06414372080553697,1.7351046376957482,high
0.0029909870229741214,0.0036677524511076532,0.003265889104434871,high
0.0029749078086452195,0.06414372080553697,0.03005222153348242,high
0.08633866325455913,0.0688729895098659,0.14060257665463982,high
0.03955977995905532,0.002026457767725169,0.011464593594912422,high
0.0075153346553647775,0.18830541207499898,0.01909655299505097,high
0.005873924929774831,0.0688729895098659,1.8701885085562822,high
1.3421509062712367e-06,1.9326284938706254e-05,0.7930537419112911,high
0.4230768260790954,0.011151586385164886,0.019034914279875137,high
0.00021013083256586453,0.0043772664256023055,2.2237738107755045,high
0.0006099403278155988,0.005873924929774831,0.0023783029814064775,high
0.006821476630564396,0.007357969865052252,0.005208837664228444,high
0.010062182552890713,0.011712133564089606,0.022172564688773183,high
0.12156807692200733,0.12156807692200733,0.13780012120582477,high
0.0005763474629662912,0.1430179228051812,0.004694290667262174,high
0.039052687132020966,3.5059106937814334e-05,2.118387432781422,high
1.1523569587450905e-06,0.0044643689080938525,0.0009048341502157771,high
0.02850006104338262,0.03760750144043096,0.025233228814937222,high
0.1421282851074926,0.01776828914780287,0.0693265134559441,high
0.017944053479216248,0.010475240856365763,0.04314367065028843,high
0.006840173287281744,0.05277809269321287,0.0067818602436678565,high
0.059791688401951065,0.0034523602348175953,1.3734925472998785,high
0.05416468839687199,0.05648094782992339,0.053377472075848705,high
0.08217691133579401,0.013801268862024842,0.020701958691721135,high
0.00018874948601662348,0.03955977995905532,0.014319710503408951,high
0.03955977995905532,0.004899852767159913,0.016208181555512177,high
0.05098631205791504,0.009546384766376027,3.84512363850086,high
0.0026104568140979546,0.004677296164279848,0.9638279113365956,high
0.00597547111430305,0.06414372080553697,0.03464114221342154,high
0.14214403511298887,0.08767369190262618,0.06364371813362546,high
0.0011218260783887324,0.3194368307202457,0.04216355759991613,high
0.2123143302018763,0.002700190751970043,0.5385401642414765,high
0.017857075238707096,0.01681608552908732,0.020282545557434205,high
0.2123143302018763,0.0473087151697138,0.46639576874701005,high
0.000873232752538462,0.00052455801784469,1.5710837245636953,high
0.0188247956153274,0.0188247956153274,0.018848622741948012,high
0.12156807692200733,0.04413831282003773,1.4710999195916992,high
0.0473087151697138,0.003020030582486949,0.013987289869623578,high
0.18830541207499898,0.03955977995905532,0.6641435253342917,high
0.003785164232577155,0.00018874948601662348,0.0020611906639502946,high
0.0027081071888128304,0.0038164083359485505,0.4315144749918147,high
7.684483030019544e-05,0.00040415179154959903,0.00012788948070484806,high
0.08751893066978607,0.0044198380400671975,1.3324423643282435,high
0.010475240856365763,0.0012172449083603944,0.004733693150659961,high
0.00052455801784469,0.0029909870229741214,1.1893497907451738,high
0.03760750144043096,0.08217691133579401,1.4924277028690545,high
5.408690595725983e-05,0.014987094644314856,1.4253590612331073,high
0.05648094782992339,0.17498795476563367,0.08394659173812812,high
0.010978546089401513,0.0023685513726967207,0.006478378248753936,high
0.027949443499074595,0.059791688401951065,0.03949115768696501,high
0.0012172449083603944,0.06414372080553697,0.027636992506676422,high
0.03808507685231428,0.013271377082283507,1.3883181444055759,high
0.013801268862024842,0.0043772664256023055,0.004376070417581068,high
0.000658682721073754,0.0009109681946447216,0.0008760662740423237,high
1.3421509062712367e-06,0.0011218260783887324,1.5079543912218616,high
0.00603735829278677,0.017744383102475378,1.6079781144655119,high
0.0044643689080938525,0.7238461366363096,0.02048535639919174,high
0.0002093414990661674,0.07597638773349064,0.007983442590080169,high
0.0043974094780275,0.05190524176203323,0.0074912465606555515,high
8.925209588696401e-08,0.00603735829278677,0.0017464654544233477,high
0.1001777372891752,0.0020606311942979725,0.00982343064186534,high
0.17748525274727214,0.0050439199888767305,0.507194657677912,high
0.05783490398788474,0.11864826337733243,0.09740000438703347,high
0.18830541207499898,0.14501403317281558,0.023803034022698413,high
0.0011345889392495756,0.017744383102475378,2.2958649145763292,high
0.003785164232577155,0.0044643689080938525,0.0037990285304512674,high
1.8612117895966222e-06,0.003558731140648275,1.0819911617096059,high
0.027415537685567676,0.004068833037096268,0.009905716602828714,high
0.12156807692200733,0.0107881012269917,1.5982584461260845,high
0.12156807692200733,0.012142468371402584,0.546788569688251,high
0.04447957938906973,0.0011345889392495756,2.7538300616116476,high
0.0044198380400671975,0.008010734938844983,0.006765916294571686,high
0.0011386578129532086,0.02396636226128167,0.006351216834292617,high
0.0026248124366439396,0.0776776728273304,1.1869560995815989,high
0.027415537685567676,0.004677296164279848,0.01322613351417378,high
0.017857075238707096,0.02346136183234285,0.02419361101328823,high
0.009297924447732024,0.03292293360095105,0.00806777348189535,high
0.0043974094780275,1.4038598114078009e-05,0.0014118959726916337,high
0.020990339024878776,0.030338307904057064,2.4418462655911366,high
3.2796132728119425e-05,0.052668221843589914,0.7005113990808539,high
0.009104406753730847,4.164509139406683e-08,0.0016322419649915704,high
0.0043772664256023055,0.0853743927134145,0.8041782082659801,high
0.0026248124366439396,0.05190524176203323,0.8281150587876863,high
0.02396636226128167,4.164509139406683e-08,2.328076979482915,high
0.0776776728273304,0.0005763474629662912,0.019214704257726894,high
6.313705471591782e-05,0.02346136183234285,0.006101731652027776,high
0.0027081071888128304,0.0007181792557454349,1.871877111948185,high
0.08767369190262618,0.001071830972231689,1.4494393072400902,high
0.002700190751970043,0.002203827542982468,0.0014313680222418645,high
0.00603735829278677,0.030338307904057064,0.01228961371347229,high
0.026642793231001206,0.0026248124366439396,1.2933973548619218,high
0.012615282874899443,0.002089359810100423,1.3521621306067502,high
0.0007181792557454349,0.01776828914780287,0.0047155401477640465,high
4.290559188632895e-06,0.000245816069302763,3.831640684163612e-05,high
0.00401027356591414,0.07801695457996234,0.005712958255586994,high
0.0012172449083603944,0.0011345889392495756,0.5097589427971784,high
0.3635360729179824,0.011151586385164886,0.2905471961060427,high
0.006243114785233389,0.0025477456451380924,0.0034397731011016606,high
0.001071830972231689,0.031731705579745154,0.3304255053920598,high
0.05190524176203323,0.009297924447732024,0.009619483818041988,high
0.009432417327096588,0.018641899362791217,0.021214049982947018,high
0.009747017141938446,0.018641899362791217,0.014732589669585093,high
0.0028437860619595317,1.057048462830047e-06,1.0625595053387962,high
1.4038598114078009e-05,0.006498623321356322,2.3902509510333894,high
0.0776776728273304,0.012733765584588353,4.605311423893521,high
0.007178673806042197,0.059791688401951065,2.1778872309844264,high
0.006802495610919366,0.000873232752538462,0.0023736617793850877,high
0.0043974094780275,0.03292293360095105,0.004130127326247954,high
0.013801268862024842,5.408690595725983e-05,0.0019317590464590494,high
0.0027081071888128304,0.013271377082283507,0.007312317159657925,high
0.0006099403278155988,0.03400091439725891,0.009625059406839337,high
0.03955977995905532,4.290559188632895e-06,0.3640484046917332,high
0.000873232752538462,0.11864826337733243,0.06187946134626606,high
0.04070042197147075,0.00018079955387981884,2.3301329475128383,high
0.00040415179154959903,0.0008479201210236673,0.0004889066178612427,high
0.01681608552908732,0.019165000269945408,0.01498252582149135,high
0.006498623321356322,1.1523569587450905e-06,0.0017668736162328954,high
0.0015473096384738766,0.05500547666447523,0.012048739833148225,high
0.013930288334096017,0.004068833037096268,1.5868513076590107,high
0.0776776728273304,0.0038515732221372596,0.044376494888476746,high
0.004949595083572717,0.2120905754086885,0.4828288437159053,high
0.2120905754086885,0.03897170307891879,0.03918538038321393,high
0.0473087151697138,0.009432417327096588,1.390785449102366,high
0.0006099403278155988,0.006866799985054423,1.7470486786134285,high
0.0038164083359485505,0.006840173287281744,0.004637242191930179,high
0.03571486554828111,0.00028935757000196074,0.009919155734999872,high
4.164509139406683e-08,0.014621548805489264,3.742254200516322,high
0.0005763474629662912,0.0029749078086452195,0.0010101054229341997,high
0.000873232752538462,0.02814421457898402,0.012852833789600261,high
0.01776828914780287,0.013309275539627017,0.018465205590086436,high
0.05783490398788474,0.004068833037096268,1.4157095728522382,high
5.408690595725983e-05,0.0009007468553203104,1.1909435269493143,high
0.14501403317281558,0.0016850152740006813,0.01654968584898929,high
0.009546384766376027,0.020598127770197507,0.012168576529145231,high
0.00030054352858565085,0.07597638773349064,0.014491252972344975,high
0.0473087151697138,0.0005293453746773841,2.6144401890056246,high
0.24900587372291416,0.00294211620833466,0.005024917989841195,high
0.005107149556506964,0.08767369190262618,0.02589110434522105,high
0.006840173287281744,0.00028935757000196074,0.3344164860829564,high
0.043434173538784246,0.010062182552890713,0.03435705473645876,high
0.07801695457996234,0.001423134033945105,0.8919654027191559,high
1.0287696098925971e-05,0.0853743927134145,0.016093983103608968,high
0.0688729895098659,0.7238461366363096,2.731855496308256,high
0.007357969865052252,0.04413831282003773,0.02400808493469007,high
0.03571486554828111,0.009432417327096588,1.592125880150216,high
0.017123197902348918,0.009104406753730847,0.010884518579003723,high
0.1228625006983758,0.014944253071976353,0.18669788567488318,high
0.0022905152337043917,0.0008646385732815494,0.0008320482110143157,high
0.00046277895929705104,0.031731705579745154,0.007505654464975718,high
0.030338307904057064,0.0034523602348175953,1.1689784304130248,high
0.0033214942630977505,0.013801268862024842,0.0038768505495852725,high
0.08767369190262618,0.00028935757000196074,0.009932830732560245,high
0.4230768260790954,0.0075153346553647775,0.03343713308163013,high
0.023996880753039202,0.012142468371402584,0.013674085083800962,high
0.018641899362791217,0.033746194025628104,0.02015954900726716,high
0.030338307904057064,0.1421282851074926,0.06855135592071138,high
0.0022905152337043917,0.00294211620833466,0.0013308887189313295,high
0.013592909289489398,0.008997295889210246,1.9869269146162025,high
0.001071830972231689,0.052685829047988346,0.0007959708946850417,high
0.039052687132020966,0.030338307904057064,2.6394039487514465,high
0.013930288334096017,0.0188247956153274,0.01704810769638783,high
7.684483030019544e-05,0.056389527800266494,0.006965275523739831,high
0.00018079955387981884,0.002089359810100423,0.00103665033566221,high
0.03400091439725891,0.00052455801784469,1.729301742922325,high
0.02343226773405609,0.07897909318351809,1.1412800003314962,high
0.25796493607087195,0.024394533605720657,0.17933656890610525,high
0.04447957938906973,0.014944253071976353,0.02999362996965831,high
0.00603735829278677,0.006840173287281744,0.5068130512033,high
0.0043974094780275,0.003020030582486949,1.019487044795002,high
0.12156807692200733,0.013309275539627017,3.0176842738482628,high
0.014987094644314856,0.0075153346553647775,1.5070970257688578,high
0.0032042217245257646,0.007357969865052252,0.9634483103028247,high
0.035081760146836324,0.02850006104338262,0.026897087231961377,high
0.0029380211841932543,0.0038515732221372596,0.0033860599618175257,high
0.002359150731934923,0.017123197902348918,0.009967129127676834,high
0.019165000269945408,0.2590855074553902,2.02628211859656,high
0.0188247956153274,0.008997295889210246,0.016475288800652882,high
0.06414372080553697,0.005778380007529734,0.026472154518192657,high
0.03571486554828111,0.009316273800323878,0.042864554746730225,high
0.020990339024878776,0.11864826337733243,0.08638662135053363,high
0.02343226773405609,0.008997295889210246,0.01382253445873924,high
0.010062182552890713,0.005443510900261806,2.6357366370067057,high
0.006498623321356322,0.0041633464551558705,0.9837723608093774,high
0.01151707135707119,0.0011218260783887324,0.0029840774567973633,high
0.00028935757000196074,0.010475240856365763,1.6275289248585225,high
0.0026248124366439396,0.08751893066978607,0.030156050660160715,high
5.408690595725983e-05,0.03292293360095105,0.0005675794738123491,high
0.00603735829278677,0.18830541207499898,1.773536938626283,high
0.008010734938844983,0.043434173538784246,0.753013968523085,high
0.005443510900261806,0.18830541207499898,0.0509254958480245,high
7.684483030019544e-05,0.013801268862024842,0.0014574463487920769,high
0.016176996098111882,0.023996880753039202,0.006817117549580389,high
0.05416468839687199,0.03400091439725891,1.3778257169946095,high
1.4038598114078009e-05,0.4230768260790954,0.013571679309394838,high
0.2590855074553902,0.18830541207499898,0.26527087412487516,high
6.313705471591782e-05,0.00046277895929705104,0.0002632202908807734,high
0.7162570010709595,0.035081760146836324,0.7478157257693351,high
0.019165000269945408,0.08767369190262618,0.02409855427733363,high
0.17748525274727214,0.003785164232577155,0.8291326773301688,high
0.01151707135707119,0.008997295889210246,0.008302880854215383,high
0.1430179228051812,4.164509139406683e-08,0.0035819546953491086,high
0.03808507685231428,0.04413831282003773,0.05553941948059713,high
0.002203827542982468,0.004068833037096268,0.0016815585415396355,high
0.2123143302018763,0.7238461366363096,1.1540581543752841,high
0.08767369190262618,0.005626998079092999,0.8296136131072483,high
0.04447957938906973,0.010475240856365763,0.03596089971191164,high
0.010784729359303049,0.0005763474629662912,1.9517764987274893,high
0.004677296164279848,0.052668221843589914,0.08977795138874772,high
0.3635360729179824,1.8612117895966222e-06,0.7847360829095859,high
0.006498623321356322,0.006866799985054423,1.2579855379459435,high
0.0026104568140979546,0.03400091439725891,1.4364000932619843,high
0.009546384766376027,0.7238461366363096,0.029646119915916633,high
0.0038164083359485505,0.000873232752538462,0.7963182154963175,high
0.0030511893023016544,0.08751893066978607,1.7355299862086013,high
0.0008479201210236673,0.25796493607087195,0.1797706127015951,high
0.009297924447732024,0.010062182552890713,1.7417877291110193,high
1.9861974525123418e-05,0.004874177069770953,0.6817256436062038,high
0.023996880753039202,0.24900587372291416,0.9698006962947855,high
0.013801268862024842,0.03571486554828111,1.3979961509476055,high
0.00021013083256586453,0.0036677524511076532,0.0021623445602364346,high
0.0029749078086452195,0.004899852767159913,2.6934192469838103,high
0.001471648325338625,0.002059891555876342,0.5062712397402297,high
0.014621548805489264,0.000658682721073754,0.0064306529305394365,high
0.0006099403278155988,0.0023685513726967207,0.0011825086865117134,high
0.000658682721073754,0.7162570010709595,1.4142756504704943,high
0.0028437860619595317,1.3421509062712367e-06,1.5638676541684498,high
0.06681227116428265,0.0029909870229741214,0.11055788689250502,high
8.347431878430425e-05,1.9861974525123418e-05,1.2166313701549498,high
0.006821476630564396,0.0016850152740006813,0.002801009316145786,high
0.0044643689080938525,0.0675726716212354,1.1996095936750628,high
0.17748525274727214,0.006243114785233389,0.8412132024517233,high
0.0473087151697138,6.437892671989258e-06,0.7882304918585082,high
0.005873924929774831,0.3194368307202457,1.1460027944667823,high
0.002700190751970043,0.020990339024878776,0.8829562162035611,high
0.0027081071888128304,0.007357969865052252,1.6644435433645088,high
0.03517297721390867,1.9326284938706254e-05,0.01938505939477837,high
0.004899852767159913,0.00052455801784469,0.6483923866931676,high
0.0038515732221372596,0.059791688401951065,5.29378642718563,high
0.0050439199888767305,0.003785164232577155,0.0032599730709924257,high
0.05500547666447523,8.925209588696401e-08,0.022716268460984873,high
0.014944253071976353,0.1250588616590003,1.1152557474937423,high
0.004874177069770953,0.009546384766376027,0.007138418834975048,high
0.0025477456451380924,0.001071830972231689,0.9589150473888427,high
0.009546384766376027,0.1430179228051812,0.8347480409467901,high
0.06414372080553697,0.018921029158112397,0.4754835903436458,high
0.009546384766376027,0.017857075238707096,0.013940847875476687,high
0.013801268862024842,0.0020606311942979725,0.0027123274160317607,high
0.00018874948601662348,0.3194368307202457,1.2109414733371358,high
0.03571486554828111,1.9326284938706254e-05,0.9828128936777039,high
0.00052455801784469,0.002359150731934923,0.0016621665525276947,high
0.052685829047988346,0.002927085185450191,1.6803196656655859,high
0.0028437860619595317,0.00028935757000196074,1.278699681276117,high
0.0675726716212354,0.08767369190262618,2.3024410634900168,high
0.017812778569423583,0.0015473096384738766,0.007522392688476272,high
0.2590855074553902,0.11864826337733243,0.4422161736573129,high
0.0369973741015434,0.030338307904057064,0.8298918099200177,high
0.024293460118402797,0.0027081071888128304,0.01085556896168212,high
0.07801695457996234,0.08633866325455913,0.18281845025328367,high
0.00597547111430305,0.030194089927824717,0.01716861534173714,high
0.06414372080553697,0.0033487439907803275,0.020164042910451888,high
0.002493937704136266,0.02346136183234285,1.7073065047645222,high
0.0023685513726967207,0.002927085185450191,0.003452849342265292,high
0.056389527800266494,8.925209588696401e-08,1.1535921699104632,high
0.017123197902348918,0.002493937704136266,0.006958194769841817,high
0.0776776728273304,0.002359150731934923,0.06713045366490795,high
0.18830541207499898,0.1228625006983758,0.35775738085504977,high
0.0075153346553647775,0.2120905754086885,0.4870355491233922,high
3.5059106937814334e-05,0.014621548805489264,0.005285768603405345,high
0.013271377082283507,0.022981547567958237,0.8851341918556046,high
0.0020606311942979725,0.002203827542982468,1.7757656435354614,high
6.313705471591782e-05,0.006821476630564396,0.9063117066190938,high
0.0028437860619595317,0.0041633464551558705,0.005069694426252598,high
0.05831739576699525,0.00597547111430305,0.02230494960687858,high
0.07897909318351809,0.009432417327096588,1.646258115084497,high
0.0007181792557454349,0.01151707135707119,0.00170725368999709,high
0.4230768260790954,4.164509139406683e-08,0.007679213029463192,high
0.1430179228051812,0.030338307904057064,0.6605624142214834,high
0.019184761759015265,0.0038164083359485505,2.1500796512938773,high
0.035081760146836324,0.005107149556506964,0.024868562379263614,high
0.04447957938906973,0.1001777372891752,0.10184733816210167,high
0.011151586385164886,0.005778380007529734,0.006091869779606998,high
0.056389527800266494,0.031731705579745154,0.9637794753569309,high
0.00603735829278677,0.017944053479216248,0.7796054802774012,high
0.00021013083256586453,0.00036571690963330567,2.741971834943173,high
0.000873232752538462,0.007376551904537709,0.002081509829547432,high
0.3635360729179824,0.008603979723199838,0.0315697612123234,high
0.1001777372891752,0.039052687132020966,0.09162191180441001,high
0.0688729895098659,0.017857075238707096,1.047231115953873,high
0.1250588616590003,0.0009109681946447216,0.0039015244054469793,high
0.7238461366363096,0.030338307904057064,0.06490202471269263,high
0.018921029158112397,0.006866799985054423,4.615952911717306,high
0.02814421457898402,0.0028437860619595317,1.2096795104250604,high
1.1523569587450905e-06,0.004396819219904147,1.1249310708326206,high
0.002331533361213051,5.408690595725983e-05,1.13946745248865,high
0.005107149556506964,0.030194089927824717,0.49164767643202567,high
0.017744383102475378,0.013271377082283507,0.7774960626636943,high
0.0043772664256023055,0.0003841494112364109,0.0010740628401015536,high
1.1523569587450905e-06,0.006802495610919366,0.0019227092985713307,high
0.008603979723199838,0.002493937704136266,1.7603164946124,high
0.056389527800266494,0.0029749078086452195,0.014324070607621406,high
0.0002093414990661674,0.010475240856365763,0.003360654878265868,high
0.0026978335081043405,0.010978546089401513,0.007958668103268438,high
0.0016850152740006813,0.0473087151697138,1.6652661010893752,high
0.007376551904537709,0.25796493607087195,0.6019466221597795,high
1.9861974525123418e-05,0.013801268862024842,0.003304829259418464,high
0.000873232752538462,0.03955977995905532,0.011938915139292317,high
0.06681227116428265,0.010062182552890713,0.050510919989796704,high
0.023996880753039202,0.030338307904057064,1.016011594484359,high
0.007376551904537709,0.024293460118402797,0.014193735269972647,high
0.05098631205791504,0.06748544932703146,0.7129734917546563,high
0.003020030582486949,0.014944253071976353,0.6490766530086379,high
0.0043974094780275,0.00018079955387981884,0.0024284346642826243,high
0.001423134033945105,0.05648094782992339,0.34717644877980214,high
0.004924062966239431,0.03897170307891879,0.019451834310925994,high
0.11864826337733243,1.9326284938706254e-05,0.1636262539841723,high
0.0050439199888767305,6.437892671989258e-06,1.48744389917066,high
0.7162570010709595,0.006821476630564396,0.031704026941668254,high
0.003020030582486949,0.03292293360095105,0.3646609362395201,high
0.00597547111430305,1.3421509062712367e-06,1.2962008111574324,high
0.007376551904537709,0.002493937704136266,1.413018926124714,high
0.0369973741015434,0.09685066995231828,0.055012838161511465,high
0.0028437860619595317,0.001058625488239518,0.9454283597931328,high
0.011712133564089606,0.0075153346553647775,1.04271622025895,high
0.03955977995905532,0.0038164083359485505,3.02216883819299,high
0.002700190751970043,0.010475240856365763,1.4968508561680551,high
0.0028437860619595317,0.011151586385164886,0.005350433163884305,high
0.05277809269321287,0.06224239364780474,0.7218745976016245,high
0.031731705579745154,0.0008479201210236673,0.24052609052424945,high
0.0026104568140979546,0.0009504457707226163,0.0009336881747639062,high
0.001071830972231689,0.0022905152337043917,1.716036614435167,high
0.0011345889392495756,6.437892671989258e-06,0.6723385786032455,high
7.216222580651927e-05,0.03571486554828111,2.017827138088737,high
0.000245816069302763,0.009297924447732024,0.00417770386197921,high
0.03760750144043096,0.002203827542982468,0.016486913889029703,high
0.012733765584588353,0.017944053479216248,0.5069212056986635,high
0.008010734938844983,0.019184761759015265,0.4723703646593731,high
0.0473087151697138,0.0008479201210236673,1.577385096749708,high
0.25796493607087195,0.1421282851074926,0.16931880866435564,high
0.001071830972231689,0.010978546089401513,0.43496534431512046,high
0.024394533605720657,0.0005763474629662912,0.6598753417037401,high
0.04413831282003773,0.001471648325338625,0.012928181167384322,high
0.0029380211841932543,6.437892671989258e-06,0.0005590552473967668,high
0.08633866325455913,0.0016850152740006813,0.1918198131657134,high
0.012142468371402584,0.17748525274727214,0.37985688701506987,high
0.02850006104338262,0.0038515732221372596,1.5049893683616715,high
0.03760750144043096,0.017944053479216248,1.5663541024223249,high
0.018921029158112397,0.005443510900261806,0.8790025137669621,high
0.012733765584588353,0.004924062966239431,0.01267552001140841,high
0.017812778569423583,6.313705471591782e-05,0.004805153237526052,high
0.0009007468553203104,0.026642793231001206,1.214421797510636,high
0.0029380211841932543,0.027949443499074595,1.6326617572881639,high
0.0029749078086452195,0.09685066995231828,0.04130061585120366,high
6.313705471591782e-05,0.0005763474629662912,1.9511735111094004,high
0.06224239364780474,0.001471648325338625,1.0176574364976694,high
0.00046277895929705104,0.002359150731934923,0.7143763420522368,high
0.03897170307891879,0.00401027356591414,1.7005906431325577,high
0.043434173538784246,1.057048462830047e-06,0.01576316915763957,high
0.07801695457996234,6.437892671989258e-06,0.0020640214125266358,high
0.005873924929774831,0.02814421457898402,0.010910556358980443,high
0.0008646385732815494,0.007178673806042197,1.6221556910482502,high
0.17498795476563367,0.00028935757000196074,1.6164683833412432,high
0.001071830972231689,0.023996880753039202,0.005016361340091399,high
0.0009109681946447216,0.052685829047988346,0.7521841111044333,high
0.0009109681946447216,0.00046277895929705104,0.0005934484639752673,high
0.024394533605720657,0.0688729895098659,0.310929472439094,high
0.03400091439725891,0.05500547666447523,0.05895956871619365,high
0.013309275539627017,0.0107881012269917,0.018376409015108328,high
0.012615282874899443,0.00018874948601662348,0.005037070731577392,high
0.0002093414990661674,1.8612117895966222e-06,0.00010431854023048907,high
0.020990339024878776,0.03571486554828111,0.7269823474608149,high
0.05783490398788474,0.0675726716212354,0.046708798505576465,high
0.043434173538784246,0.013801268862024842,2.5340149484881103,high
0.02850006104338262,0.019200477139745046,1.1959710270160349,high
0.06224239364780474,0.17748525274727214,0.691356127102728,high
1.4038598114078009e-05,0.001058625488239518,0.4550952832131688,high
0.2120905754086885,0.06748544932703146,0.1186190831969304,high
0.0009007468553203104,0.014621548805489264,0.003954671558305812,high
0.0015473096384738766,0.01681608552908732,0.005544791232889867,high
0.06224239364780474,0.013801268862024842,2.413642085077325,high
6.313705471591782e-05,0.0675726716212354,1.3376482336516011,high
0.0029749078086452195,1.9326284938706254e-05,0.0015249804454381254,high
0.005626998079092999,0.004068833037096268,5.2983173665485355,high
0.005107149556506964,0.027949443499074595,0.01784699280706885,high
0.00036571690963330567,0.024293460118402797,1.15876536094159,high
0.010784729359303049,0.014944253071976353,2.310796379482472,high
0.009692189049272795,0.0038164083359485505,0.004952255538483335,high
0.0020606311942979725,0.0012172449083603944,0.0011832125066259587,high
0.00030054352858565085,0.00401027356591414,0.001715892380419964,high
0.052685829047988346,0.052668221843589914,1.5060545585470837,high
0.07801695457996234,0.028430593108728145,0.022505662490116297,high
0.017857075238707096,0.2590855074553902,0.6976801210463822,high
0.04413831282003773,1.8612117895966222e-06,0.015853831699132716,high
0.020598127770197507,0.006802495610919366,0.007334960432987949,high
0.0027081071888128304,0.00011472845085269196,0.00058345799445328,high
0.0015473096384738766,0.0003841494112364109,0.829724995222608,high
0.00040415179154959903,0.0009504457707226163,0.0010954000835058863,high
0.002927085185450191,0.003020030582486949,0.0017078146885210295,high
0.023996880753039202,0.011712133564089606,2.548755224641431,high
0.00042615707930016163,0.0011386578129532086,3.279535921920854,high
0.07597638773349064,0.01681608552908732,0.5839019237552268,high
0.002927085185450191,0.012615282874899443,0.011282837371379518,high
0.0026248124366439396,0.00018874948601662348,0.0008350201310983273,high
0.0675726716212354,0.013592909289489398,1.850626574858879,high
0.03897170307891879,0.01151707135707119,1.6541930983827027,high
0.016176996098111882,0.001071830972231689,0.008243645849674996,high
0.018641899362791217,0.05500547666447523,1.2144343729150788,high
0.0011345889392495756,0.00046277895929705104,0.00046601785780066323,high
0.0107881012269917,0.1430179228051812,0.01364225536522174,high
0.0008479201210236673,0.00294211620833466,0.5736062960818569,high
0.001071830972231689,0.006840173287281744,0.004882248673054052,high
0.08217691133579401,0.003020030582486949,0.9772916733439528,high
0.013309275539627017,0.04447957938906973,0.02073345493558567,high
1.8612117895966222e-06,0.25796493607087195,0.045329954066350944,high
0.24900587372291416,0.039052687132020966,0.3079548905626496,high
0.0009007468553203104,0.0007181792557454349,1.558710898008701,high
0.04413831282003773,0.020990339024878776,0.04710045971508112,high
0.003785164232577155,0.007376551904537709,0.003993847043999052,high
0.0006099403278155988,0.016176996098111882,3.1607138876620566,high
0.0009007468553203104,0.027949443499074595,0.008073491349397544,high
0.009692189049272795,0.0006099403278155988,0.8205644858126945,high
0.0020606311942979725,6.313705471591782e-05,1.2847985346059765,high
0.008010734938844983,0.014944253071976353,0.010133537770830108,high
0.012142468371402584,0.18689867280584935,0.8238100632388428,high
0.0009109681946447216,0.24900587372291416,0.003319237821874175,high
0.02396636226128167,0.004874177069770953,0.008237016191542322,high
0.0009109681946447216,0.052668221843589914,0.003806677868497849,high
0.014621548805489264,0.0025477456451380924,0.0059965320236244155,high
0.0027081071888128304,0.009816841325015018,0.008372214774902924,high
1.4038598114078009e-05,0.0009109681946447216,1.2096291723676906,high
0.011151586385164886,0.0688729895098659,0.014855546403973869,high
0.0033214942630977505,0.0026248124366439396,1.9975904806461735,high
0.03897170307891879,0.0026248124366439396,0.017876699261335994,high
0.004924062966239431,0.06306761936769667,0.642930032527437,high
0.018921029158112397,0.007376551904537709,0.007044817674699835,high
0.0043772664256023055,0.012615282874899443,0.641929341740754,high
0.018641899362791217,1.057048462830047e-06,0.7221894381580227,high
0.006498623321356322,0.006498623321356322,0.008908800507404684,high
0.11864826337733243,1.9861974525123418e-05,0.05370619153219334,high
0.12156807692200733,0.0027081071888128304,0.08453693316662758,high
0.006866799985054423,0.010475240856365763,0.3298523604777418,high
0.2120905754086885,0.035081760146836324,0.03308916689059335,high
0.05648094782992339,0.017812778569423583,1.1084455254443686,high
0.25796493607087195,0.0050439199888767305,0.6321546518544532,high
0.05648094782992339,0.005626998079092999,0.02923516836218441,high
0.006866799985054423,0.0029749078086452195,0.01683824662169055,high
0.00294211620833466,0.02346136183234285,0.015354046211813948,high
0.035081760146836324,0.0009504457707226163,5.293925718290864,high
0.006243114785233389,8.347431878430425e-05,0.0019466331281657945,high
0.11864826337733243,0.002927085185450191,0.035969910732142285,high
0.0107881012269917,0.052668221843589914,1.1079348920426613,high
0.0041633464551558705,0.018921029158112397,1.362125466199642,high
1.9861974525123418e-05,0.009104406753730847,0.0024770633152469373,high
0.017744383102475378,0.001071830972231689,0.0053048905805226495,high
1.8612117895966222e-06,0.031731705579745154,0.4422083730051854,high
0.01681608552908732,0.013930288334096017,0.5135810988501188,high
6.437892671989258e-06,0.0036677524511076532,2.812011394311264,high
0.033746194025628104,0.006840173287281744,0.016217993650419524,high
0.0029749078086452195,0.020990339024878776,0.01334875428877297,high
0.009316273800323878,0.006866799985054423,2.454823537048628,high
0.03760750144043096,0.25796493607087195,0.7081256924072866,high
0.00040415179154959903,0.0011345889392495756,1.3584235201850214,high
0.000658682721073754,0.005443510900261806,1.6266033001709708,high
0.03955977995905532,1.4038598114078009e-05,1.3026610278791395,high
0.0688729895098659,0.008010734938844983,0.020572532464785118,high
0.043434173538784246,1.1523569587450905e-06,0.011594291477484182,high
0.11864826337733243,0.014621548805489264,0.17420079701661428,high
0.2590855074553902,0.004396819219904147,0.03545125642833307,high
0.002026457767725169,0.0038164083359485505,1.4295003306416891,high
0.0009109681946447216,0.06681227116428265,0.010964721623707912,high
0.0005293453746773841,0.0011218260783887324,0.0007493550336408704,high
0.1250588616590003,0.00030054352858565085,1.3053150052205182,high
0.013271377082283507,0.0043772664256023055,1.7517283583630983,high
0.014621548805489264,0.0038164083359485505,2.7207652126701407,high
0.0029380211841932543,0.06748544932703146,1.0284337977087101,high
0.00603735829278677,0.0026978335081043405,0.007729571732850335,high
0.022981547567958237,0.02396636226128167,2.966170411369637,high
0.00028935757000196074,0.0369973741015434,0.6003047682113403,high
0.0026104568140979546,0.030338307904057064,0.8503759765395337,high
0.010784729359303049,0.7238461366363096,0.01766712571529492,high
0.003785164232577155,0.012142468371402584,4.201917362464068,high
0.17748525274727214,0.02850006104338262,0.9064754411516716,high
0.1001777372891752,0.0032042217245257646,0.5316794895552917,high
0.027415537685567676,0.08217691133579401,2.9368359532487234,high
0.013592909289489398,0.005778380007529734,2.8820569729552417,high
3.2796132728119425e-05,0.001071830972231689,0.00014627292610815682,high
0.018641899362791217,0.027949443499074595,1.6943828740382194,high
0.008997295889210246,0.1228625006983758,0.04061389958192656,high
5.408690595725983e-05,0.017944053479216248,0.005287795339980066,high
0.00021013083256586453,0.0675726716212354,5.2940753657795945,high
0.017123197902348918,0.014987094644314856,1.0667264746976834,high
0.001071830972231689,0.02850006104338262,2.353147323317565,high
0.003558731140648275,0.011712133564089606,0.010352224818241874,high
0.002359150731934923,0.002059891555876342,2.61369865400664,high
0.009692189049272795,0.00042615707930016163,0.0031648250106555177,high
0.05277809269321287,0.0023685513726967207,0.49510019537223193,high
0.052668221843589914,0.013309275539627017,1.2255802252253991,high
0.0002093414990661674,0.0009877776578893413,0.0005464128883828051,high
0.012733765584588353,0.0032042217245257646,0.0038651937286125555,high
0.08217691133579401,0.005873924929774831,1.2430188638841235,high
0.02346136183234285,0.0075153346553647775,2.2426056187600913,high
0.004899852767159913,0.02814421457898402,0.009391185672128315,high
0.0238577020697435,0.1250588616590003,0.2500471961557662,high
0.00036571690963330567,0.000509406728807963,3.199248320955073,high
0.0107881012269917,0.009546384766376027,1.6630916526377297,high
3.2796132728119425e-05,0.1430179228051812,0.002781989684341717,high
0.056389527800266494,0.008997295889210246,0.01502146067379257,high
0.08217691133579401,0.059791688401951065,2.6351747901315252,high
0.0188247956153274,0.04639193939388683,4.329933246297717,high
0.013592909289489398,0.00011472845085269196,0.005456329304652091,high
0.006498623321356322,0.005873924929774831,0.005191299058950748,high
0.006866799985054423,0.026642793231001206,0.04331320132139496,high
0.0026978335081043405,0.01776828914780287,0.6922907430953513,high
0.00018874948601662348,0.06681227116428265,0.019961291489519657,high
0.02850006104338262,0.07597638773349064,1.3012144500123912,high
0.05282830250126325,1.2213665979146997,0.8165549358800319,low
0.6851927064152314,0.5731561948000478,0.819590791314543,low
0.7099466238942967,0.7470077488739857,1.1971529065794373,low
0.0001587890908356553,0.9612614313759802,0.20049578174105676,low
1.0748299722981773,1.3600342752731396,0.6019638709154993,low
3.26283398775219,1.564523490732437,3.180904299655674,low
0.5265143550994906,0.5932451186893429,0.8659617022150786,low
0.43059644670906344,0.5876294364170611,2.0492724012619403,low
0.6438010444597579,0.6171854583659132,0.3766437150611651,low
0.9937574300495257,0.32862057941698786,0.8312285694675136,low
0.600131804362695,0.01863036279540397,0.2705925245775343,low
0.7292568340793635,0.9333597315175187,3.2636207237450923,low
1.2255604762853316,1.0713186257865377,2.766306554215508,low
0.41937850061561177,0.8091795058059236,0.5306078881690035,low
0.4564812380776148,0.8480982122502446,1.2128002078557185,low
1.6444337928610104,0.1594786268321605,1.423822388396648,low
0.9790011070521715,2.4568571836176853,2.4650016333902114,low
0.06128527227443829,0.85876603471076,0.38988080031615924,low
0.1025160391530797,1.098258356800558,0.5845704747616769,low
0.5072418991446418,0.5820605681810002,2.1288184032897837,low
1.0586664407168611,1.1150108480806515,1.7194900740981058,low
0.7322742874737708,0.8572861435647802,4.293425703475065,low
0.5477222583604072,0.5032890384898251,2.59662307419497,low
0.6108003948277716,0.8491714117515847,0.7004481007171997,low
0.7805936556945905,2.8439941864108955,1.0304937712659628,low
0.11639699328574883,0.6577297037828731,0.03562192656604934,low
0.2805682987472264,0.0691386470312858,1.0165438253069299,low
0.9345103780669171,0.33506062532817643,0.5956212451149128,low
0.1025160391530797,0.06583551214912572,0.9625286329933722,low
0.738728970215877,0.4903705166631685,0.3301218699608153,low
0.07864506764376537,0.7126957390463571,0.9108081782126993,low
0.16097125797751757,0.01884006070820488,1.4354595694619587,low
1.1987559055147268,0.7912797565047056,1.146299860922018,low
0.8749782620464805,0.7099466238942967,2.0240401643400703,low
0.6193480873838734,0.6931175879005496,0.8574304064410421,low
0.23869280679095475,1.020608657953344,0.5337170755313733,low
0.6382269954946693,0.7501187806597795,1.1977080788716408,low
0.9023523709315572,0.6662260485477468,1.369086807457676,low
2.1405030187792407,2.0374943917717254,1.5154605919137345,low
0.176803535189784,0.6636915641143883,1.7255480993206103,low
1.0401141874870075,0.7268466171655951,4.296987162931481,low
0.02805933641551411,1.0829389535509422,0.9303644969566242,low
2.5481886979750974,0.32109959522553294,1.2619172962112648,low
0.3736311838341992,0.20607225051757969,1.8504593197617611,low
0.016693077967936412,0.8529833933054372,0.9265237226228429,low
1.5829356346828427,0.13308345246470166,0.4282273589039323,low
0.018519001503231675,1.6906753756361375,0.1759329964566762,low
0.9964567274589671,0.8013177898631534,1.5680450236203276,low
0.8470452359518141,0.7705797140553403,1.1946751274945202,low
0.9404454195756855,1.2107109578374902,1.171733914047312,low
1.2312049276089043,0.01863036279540397,0.08193692451385591,low
0.003999471410988418,0.008572077139679082,0.0038337872149191397,low
0.24637292527151064,0.5023261855181239,0.7763486400146968,low
1.876408181614899,3.26283398775219,2.0577619131410403,low
0.2604248495029502,1.6694729118480758,1.0158637319617976,low
0.6674761815585525,0.02661477628898234,0.44521909994111114,low
0.18729495938217003,0.6851927064152314,0.5343132846438503,low
0.05662420124570731,0.006886654408387003,1.9437022899177476,low
0.8044471401390965,1.6096735596242668,0.5664296339696202,low
1.0593422012106464,0.8969786505347582,1.234362360561563,low
0.02669176374020813,1.4012794492033083,0.6356953742776735,low
0.012347279897098567,1.021155262736673,0.720000043676701,low
1.7512308980780908,1.2174537788334105,1.5476836005899763,low
0.22561005513722537,0.23658159982144983,0.6383900292997492,low
0.8850964038447962,0.023265641013215523,2.5010670475064067,low
0.04414482782450585,0.11700547168061512,1.9128966759620818,low
0.8491714117515847,0.21077043862476866,1.5841090496712513,low
1.499644152021237,0.13851616299574965,0.5768189447499108,low
0.8814044245657944,0.2885671613296884,1.6786963152891594,low
0.16587898490299524,0.5264163934633835,0.9871482204640558,low
2.8640304364383447,0.02027181015869501,0.21471109870970337,low
0.038299685614620486,0.1830631289295512,2.781102812005366,low
0.02661477628898234,0.8885404153258232,0.2817304171846777,low
0.939421389839607,0.8646671376591475,2.90154659630104,low
1.4513820517377736,1.2371280086188505,2.439908072067398,low
0.2916489852135349,0.8366703929765436,0.7283193661289676,low
2.7616912888087484,0.6611232760049316,1.3791544980068715,low
0.02193499282243952,0.5741825515909262,0.2171035346570131,low
1.091987571529748,2.164485516955344,1.4690460177110884,low
0.017049583239540343,0.03460309863907806,0.8009484840963542,low
1.5901527557306883,1.2174537788334105,2.5122659959583693,low
0.650063668629353,8.633147975595806e-05,2.6615077487982366,low
1.6859618757877017,0.5329707145098677,2.3902013814639935,low
0.6888303037870435,0.8795402669933463,0.9482163303612703,low
2.6493231093842695,0.013492156806702169,0.3781514104525952,low
0.005888649691887498,1.8380735744836991,1.1441434846715308,low
1.1591616375036635,0.14243981000717562,0.47074385861936024,low
2.164485516955344,0.02596741724436741,1.8089133221208633,low
0.3099601768893889,0.12321802531084196,0.23935442120953163,low
0.6171854583659132,0.7805936556945905,0.7565530855447494,low
0.10385545764380442,1.47705208498418,0.7720148215650997,low
1.2530002537429865e-07,0.3853699637684481,0.59651125044641,low
0.7320266760730293,1.844239606925636,1.3600193243232797,low
0.5321258004996683,0.002818371053983946,2.078543178515712,low
4.6032126498095485,0.021135789481500505,0.7649241418972264,low
0.03037678211587689,2.8982338223481965,1.964373572825835,low
0.007002796469000001,2.112106420576523,1.2094988121149775,low
0.0030105825737129967,0.00068233825014448,1.2781628349322387,low
0.8310935617619264,1.3600342752731396,1.066644284877287,low
2.5639708378006354,0.9985221553772002,1.6163171933793274,low
3.0736752211215923,1.0501782409161264,1.6802702919109698,low
0.8016198572779285,0.11461083298063202,2.0388295548874074,low
0.5091382475068319,0.011947636606684964,0.22737273362606647,low
0.09773947823825313,0.17423570083294904,2.1565916543013746,low
0.1093725220871595,0.6279153038324037,1.107154290327561,low
0.5731561948000478,0.9947907069757801,1.3714141478511988,low
0.6756677090636094,0.7211515756896043,1.494072736625881,low
0.6916758443975647,0.9985221553772002,1.2558708164651287,low
0.7497110217573241,0.3894903664662654,1.325035130814888,low
0.14969975642990394,0.5129970284596195,1.3840544632903635,low
1.2588630311546398,1.3856908845862728,0.8331621961109944,low
0.17403812555071071,0.17403812555071071,0.42497672364736666,low
0.9394566097192389,1.1411284583728092,2.686712354592335,low
0.7660667411852713,0.9065855252331977,1.7016418446187407,low
0.9823183900518697,0.11492849210020979,1.6059868114338653,low
1.2689508541305377,1.0716162318345845,0.4574280033658228,low
0.2922961501069574,2.0411818176842136,1.3982340745122763,low
0.8980913751957964,1.722379291758269,1.615603735928853,low
1.9730317480060717,0.6834796074324241,1.3228147144899172,low
0.5032890384898251,2.139336947912268,4.220823288124905,low
0.04492344184892123,0.9508266547153766,0.837018453029043,low
0.01871845868016737,1.1107660547614548,0.14990945609756717,low
0.10418728764977989,0.052427227087104865,0.037930106030135274,low
0.0018923864961818372,1.0805729745346253,0.142616776208501,low
0.35886019384584844,1.0586664407168611,0.924469721640583,low
1.796559096596385,1.2530002537429865e-07,0.04190589314117256,low
0.015318574197152567,0.9848513643877826,0.10238778432524832,low
0.826929529447811,0.5477222583604072,1.2326026704594801,low
0.05721259360618111,0.985864112291345,0.6286252779173932,low
0.03994224837214738,0.004125165737104698,0.021488372654893312,low
1.0372604765288653,0.10114004624172548,1.2805580776871808,low
0.9673378736976899,1.1786188971060203,1.9284848697692822,low
0.24471977818949775,1.6269875792812842,2.068241444710566,low
0.4539733602616112,0.793332248992646,1.5253828812152335,low
0.7366495665141689,0.6154105990316402,0.3371577505125735,low
0.8954677678655304,0.3419015807125189,1.2758693328761732,low
0.01305050687484714,2.478245643184638,0.3138358714521306,low
0.31276224797063995,2.5435734763497515,1.349639578804963,low
0.06358180248806361,0.5832624041370824,1.493321917186204,low
0.023804048732373143,2.868835863674293,0.5265503234648758,low
0.7579342836294125,1.1179913135027095,0.9866313431149117,low
1.6823412342356436,0.8730247705946909,1.3843712395918846,low
2.291914354383752,0.9649696307489191,2.343853718932206,low
0.01863036279540397,0.07891603212656895,0.9251687213881135,low
0.24821443798304485,0.02875098933520713,1.4713313901206921,low
0.035088628026706356,0.8462897449720019,1.956951990457913,low
1.1581423357247114,0.02251715210423052,0.11443926126656535,low
0.36199691666501443,1.285506013564254,1.1678428313865887,low
0.6356977816653082,0.058531216568649465,0.08174886296285884,low
0.11398357259001153,1.6764738060720072,0.5040386933203775,low
1.069270805080806,0.5260171165367553,1.1472327109186928,low
0.48778708695479567,0.5253213868179565,0.23674810344136174,low
1.5901527557306883,0.9347063050565072,1.8282621712768912,low
0.862759991662074,0.6653857763255061,0.91215919894135,low
1.0593422012106464,1.1138702852298399,1.3502173375947892,low
0.9850808533321066,0.2060438031386819,0.23929297547565057,low
0.6851927064152314,0.4564812380776148,1.1401389412837966,low
0.002818371053983946,0.11629027340215653,2.011480022700764,low
1.7397787330048664,0.06737967763852808,1.3763279249833646,low
2.57964138050154,1.0701305192869408,1.8302910714729603,low
0.15473660675207648,0.5028811203123216,1.4836901105876792,low
0.450622695882741,0.6169851576301696,1.0271121621046262,low
1.2810597921954245,0.011793338018607798,0.05084479906472939,low
0.011096134124687938,0.028854669055105843,0.8408845438751834,low
0.4538271381538811,2.601729628870487,1.2563233260709987,low
0.4674056321580903,0.665960217438217,1.1466117321064022,low
0.03451870117019867,0.9631709293871272,1.6042405163483724,low
0.7046581508923191,0.9029482221586526,2.960778628077508,low
0.7039544727147923,0.0012401681177897446,0.05033767227469923,low
0.7566357021932322,1.1925014803400336,0.5355832450994785,low
0.8567907491962566,0.0819335394691591,1.4822704120387786,low
1.1858240275420662,0.09829520625008063,0.5180675546806226,low
0.5828750922674721,1.8954533939020806,1.1492414239502906,low
0.11226872736490635,0.6678497868260423,1.0473056622343355,low
0.40837617385328917,1.4540933036385855,1.9542871547679894,low
1.0183275802018157,0.502405423773116,1.527397666724408,low
0.8040514763746275,1.7240777995838823,2.3481342900870414,low
0.00052121135400698,1.7512308980780908,0.17380881790009517,low
0.4712560683201649,0.5416099807552567,2.071737201401131,low
0.6778458641902729,1.4417873630250377,1.914144706505169,low
0.3170628887474255,1.2912738991443304,0.9314089977867573,low
1.7445828503705783,0.7268466171655951,0.8387354708703733,low
0.6300079005124729,2.288082547048132,0.949848870157835,low
4.603395723259693,2.8797045183395547,2.2271505874661637,low
2.003990779317833,0.8326675753466373,1.7506167503283163,low
0.3559099480990983,0.22912870233405688,0.33432637424863004,low
0.7897182526736652,1.8967402043943176,2.3941229992674766,low
2.270108121891403,1.0720453586774261,3.1277518597736274,low
1.0720453586774261,0.856439643684945,1.5370751485342238,low
1.9114024074341627,1.0586664407168611,1.737502107464686,low
0.5436430648329867,1.8334693943385696,0.9942875657404582,low
0.08956165997892221,0.15266544429865594,1.5372621660106076,low
0.6574915075233331,1.5365748743830978,1.160494355861895,low
1.2507256700513807,0.5932451186893429,1.4637656066057567,low
0.02251715210423052,1.233309644353561,0.5112049749274544,low
1.3856908845862728,0.7039544727147923,1.5260418961485156,low
0.5635363684404362,0.6554640843361529,1.3189943019487855,low
1.1983095216692017,0.19587170944667195,0.6433282056815071,low
1.598658347521627,0.5731561948000478,1.1497955559212918,low
0.677710602408846,0.6141004405034647,0.8430237678893658,low
0.17423570083294904,0.45061191078790536,0.5642208713794493,low
0.5046549832756102,0.673364443709739,2.846291028847808,low
0.23798729381604197,0.5821456337659943,0.4168160914390512,low
0.6131934007173574,0.032497366057648004,2.4939920279854744,low
0.8264719030810366,2.3714612350678563,3.2573304781357466,low
0.8461653093133559,0.3559099480990983,0.6763397346662393,low
0.12639386364630353,0.013434845173181498,0.019153786835724863,low
2.6512471255492343,0.12168248123853875,0.44419403602857616,low
1.354023263513479,0.4807927730770238,1.4882734103449022,low
2.22912738779289,0.5361546286223787,0.9591808012754387,low
0.9738061172243,0.9345103780669171,2.74677224413813,low
0.04073562237814657,0.6844235774383524,1.684183956768444,low
0.23768240461279752,0.6884267892900187,0.644358298700971,low
0.9290387417620302,1.411700079440339,1.5123045525851146,low
1.0341057765128494,0.5166167091366778,1.457570930940737,low
1.078700982003667,0.766618845462008,1.0592888439027095,low
0.7353513791832857,1.1983095216692017,1.2360603960232133,low
0.6279153038324037,0.013492156806702169,1.395440908308247,low
0.8651593267666523,0.8620236135394017,1.0651553916604855,low
0.7745302736266899,0.07206085759571754,0.9469390269298159,low
0.009420283260158847,0.017381734955055895,2.982268123142394,low
0.894527483948641,0.7242408349612879,0.5284905794067876,low
0.45061191078790536,3.947986491243276,1.8861189668621452,low
0.6392488202116469,0.947859560266645,3.2583389512291023,low
1.5497133907197085,0.5796169248037345,0.5684107727920384,low
0.6615653313629628,2.0893379045996108,1.4227193014113346,low
1.164661997591358,0.6096946647350094,1.3986446831627313,low
0.2815190020334732,1.539364205706043e-06,0.08669943776818854,low
2.159094372508986,0.002788318385982067,0.30379782675077033,low
0.004806956652283756,1.1274264728815033,0.10629688450894381,low
0.25426452860940957,0.2577019331826823,1.313766052627042,low
0.8969786505347582,0.4047370804653688,0.6896721393181064,low
0.17229290938989913,0.15142107767612414,5.293009237599614,low
0.11398357259001153,0.10250729758459588,0.08692681091853408,low
0.5825946662660815,0.8565551165860551,0.5887348488267137,low
0.7359092400180473,0.185289449560997,1.6123692803663,low
1.5042688324330273,1.1270496603297495,2.031689975702476,low
0.8290076812292599,1.1217830067829915,0.9378864052879703,low
0.20807712671626258,0.05217694464082327,3.005964788871853,low
1.2040682100692912,0.5832624041370824,1.0113108753957876,low
0.19587170944667195,0.4940552112432184,0.318648547507379,low
0.8914811158132607,0.6539349130781101,1.1333663737150486,low
0.12498604386869927,0.9884360520470418,0.14838064880417992,low
2.000908587487713,0.1114954344565095,2.254768206770602,low
0.037416215926173446,0.7336576021135863,0.08566012961168264,low
0.9848513643877826,0.0034467426895486595,0.057958686835088126,low
0.35769130517705533,0.31232079343225155,0.8108373225208529,low
0.09458017340985629,0.6530105506759972,1.4106288148517196,low
0.7628306528879201,0.11191109530523327,0.1741459298231878,low
0.00010266487065906685,1.369160248792788,1.6528485572857283,low
0.8930302499502716,0.7863642456929394,1.6017658274396223,low
0.2634339798738698,0.5009738540353225,0.19842791404115545,low
0.9949100287723747,0.8136199208421024,1.7385570923284015,low
0.3853699637684481,0.600131804362695,1.7235952201923044,low
0.7177917663391219,0.89755554730608,5.2928754436113135,low
0.6678497868260423,0.002011770850772923,0.05293729901713771,low
2.3405789324200064,3.4758600370936876,1.9600678314348432,low
0.7805936556945905,0.8531634407076822,1.2427202841318568,low
1.233309644353561,0.8782779838718109,1.1513461096521176,low
0.1769688936853372,0.13534454530859627,1.490114211325846,low
0.026500327022900567,1.0297083582468824,0.07224029638952635,low
0.04284241001995828,0.6356977816653082,0.06055547256174701,low
1.1591760007212715,1.2883055372617163,1.692142429974446,low
0.049430189138814494,0.7689426462699268,1.1981797864620172,low
0.010828251335130707,0.018908261361486295,0.0167083433760154,low
1.2043467736728257,2.2298604942829034,1.6848885922600454,low
0.25719505382714336,1.9734985674745065,1.0121768588928552,low
1.3059557764867302,0.08250850497118334,2.012377069621301,low
0.5327886432082735,0.3604598202756995,0.3922646651988966,low
0.7359092400180473,0.9683933507238364,0.6258939835857583,low
0.15473660675207648,0.9190695166640691,1.674878724600734,low
0.9452807393709531,2.5358583478049836,1.2892390370423041,low
0.20807712671626258,0.6530578393484254,0.3371775498516151,low
0.5728365292386252,0.032497366057648004,1.271002073611434,low
0.495699961827155,0.10133580472031287,0.8981628526385979,low
1.8380735744836991,0.2599287226128874,1.420927455432858,low
3.5439034714196613,3.366866453398748,5.295418962721719,low
1.2220850080583032,2.767073266084323,1.5143466275301076,low
2.199410948982015,1.0179583812711066,3.267677340045704,low
0.9208716394392329,0.7805936556945905,1.3888043452226608,low
0.2671360535657815,0.7045944500479622,1.8630025824765921,low
0.3677671079800489,0.7796276993226695,0.3137438898627949,low
0.613253897358588,0.5186642643332567,0.6408700217506269,low
1.488210718998209,1.9707647913087767,0.5500472597839849,low
0.013758341440435085,1.026886641741883,0.2604827727590871,low
0.06286263649754995,3.368775516487432,0.3700789907918241,low
4.60517018598909,0.10342442860417275,1.1759521232447896,low
0.0032250684215910787,0.8571095321694182,0.8957309686657005,low
0.07986001439224194,0.009998500712687378,1.6485180078821282,low
0.07986001439224194,0.37749637894001986,0.22927308648810324,low
0.17855446666092892,0.18679947226926752,2.501369813745751,low
0.30835324218398763,1.060674546551163,0.39112199068118414,low
1.164661997591358,0.06286263649754995,0.3917008947697226,low
0.2654287361881954,0.9964567274589671,1.0966365716753805,low
1.2547244787463088,0.028266436980832105,2.7137005130018417,low
0.9389475720112734,1.769248246042276,1.7159215189536048,low
0.8304691804731316,0.04961714101328393,1.4874301216279304,low
0.36367333833697174,0.20857585908307422,0.19629059647452243,low
0.009102407290781624,0.8036040609520455,0.10512561147849749,low
1.7148627713819975,0.23768240461279752,1.768000030617224,low
0.05928874707934486,0.02669176374020813,0.0426784295008696,low
0.6662633757601663,0.6653857763255061,3.5399915805141267,low
0.002730214764449599,6.863606515214293e-05,1.1576066345961014,low
0.006534854806423741,0.24259330336605583,1.6274413785028068,low
0.052860234539304905,0.7490588942088863,0.5451574401017342,low
1.1330097392427192,1.9734985674745065,1.8602732892081821,low
0.2805682987472264,0.048408663958725714,2.9221145976277056,low
2.411747702123762,3.0084591345951153,2.5262737380285714,low
1.0372604765288653,2.2891760940268244,1.2376609714429714,low
4.26255536590652e-05,0.04356621585659583,0.016822435537598743,low
0.6509090660297447,1.7512308980780908,1.0866557471043823,low
0.22561005513722537,0.9770450872939255,0.5833275279683171,low
0.35614535406100606,0.10437088408184346,0.05631006071683707,low
0.011211277998160525,0.07206085759571754,0.020945474835320724,low
0.8462897449720019,2.031896864041593,1.6334367036837434,low
0.7789035299194215,0.8491714117515847,1.1970869758185798,low
0.019037503112545182,0.43946956582437613,0.04692583796160424,low
0.04290300124007884,0.1438078151860851,4.6451999774595985,low
0.16388644758967089,3.5547770680313113,0.10445151801023599,low
0.218880440120733,0.35769130517705533,0.13929832850840362,low
0.6851927064152314,2.8640304364383447,0.990630903690979,low
1.087097628359108,1.7643384241223534,0.644985939835926,low
2.3167623550190797,0.8070046802799675,1.331811979073428,low
1.4012794492033083,0.1757809416808117,0.2712210532891563,low
0.7689426462699268,0.10483280064036953,0.2834199603742399,low
0.8896588832917338,0.2914113409819654,1.5560191418134255,low
3.84993295058687,0.6096143342638193,1.4705723499012677,low
0.5641334986022752,0.8782779838718109,0.5381501826338649,low
0.9697533351283327,2.1024340521097993,1.5387253856547616,low
0.24191635757098962,1.2893053594368769,0.5292174102583164,low
1.9825238879614624,0.15709579705649773,1.2482892549954563,low
0.9850808533321066,0.0057896564118780835,1.4145687498932862,low
0.44464704956646406,1.0107449812912979,0.4125390787082642,low
0.6510103376817853,0.601338767853655,1.0241474087732219,low
0.7213224080915097,0.9776240658939572,1.4491588714011427,low
0.355896256174935,0.0016455421675871371,0.0256844111698022,low
0.6784158210967418,2.4114298228973006,2.523860182339066,low
0.5148147588342815,1.4705429465671513,0.6864995049591579,low
0.11398357259001153,0.7826748091137314,1.1615419793503046,low
0.4891298209200827,2.5266450028495417,1.962965397673033,low
0.6171854583659132,1.0359621357880204,1.148624305055702,low
0.00052121135400698,1.098258356800558,0.8949371632062234,low
0.005346059200109135,0.8602714083397374,0.2226962929578124,low
1.9198783110770583,2.5079385455092327,1.9576131068431968,low
0.5329707145098677,0.5387948032664864,2.293787942135617,low
1.47705208498418,0.8860525389075485,1.5487364410087099,low
1.0586664407168611,1.2566799582416177,0.632066600192673,low
0.00464304360681176,0.12168248123853875,1.8115494987507923,low
0.02251715210423052,0.821997125031345,1.7635417345994922,low
0.9888997442280254,0.3693175246055885,0.5922680076217014,low
0.6020859231006639,1.3898807637607056,0.8562341133497623,low
1.0538480569010529,0.1249886815027756,0.4588187449774662,low
0.8956014207488388,0.04421266984033378,0.42012642844005677,low
0.031784565540779325,1.2132555786172068,1.392338432743628,low
0.17229290938989913,1.4012794492033083,1.3894715465126906,low
1.7110635389261395,0.017760652355265923,1.5030876567383438,low
0.7206990690613635,0.025572574950205148,1.6100789791640935,low
0.600131804362695,0.070277065743296,2.7764606039774002,low
0.2081141641385071,2.3405789324200064,0.6929480891800506,low
0.7629655661633905,0.856439643684945,1.1181519193052438,low
1.0143289723625044,0.46864880863596176,1.2739991223191993,low
0.7551048974302909,0.2814171595579316,1.3011394235873122,low
0.0006522802327226301,0.8396679677260285,2.927749880492444,low
0.29626849224318674,0.3911926400499502,0.23948136362187128,low
0.6141004405034647,0.003014271638192078,1.1296890645977848,low
0.2060438031386819,0.9091229367131602,0.15753895024393283,low
0.5386858937267518,0.4981182595277581,1.3317265789548345,low
0.18678108349601644,1.7643384241223534,0.5093307516994069,low
0.8896087038308632,0.3377689358123706,1.0766293566798049,low
0.8366703929765436,0.5023261855181239,2.043331383425556,low
0.502405423773116,0.030721183739322505,0.30060980160067713,low
1.2056507268277796,0.023486592727314647,0.031892309287000584,low
0.02037531925820164,0.9389475720112734,1.7528173813767114,low
0.3898161935572943,0.118616282790685,0.7810160727057766,low
0.012884952924192776,0.6574915075233331,2.498706697693088,low
0.5731561948000478,0.37139153548952275,1.5917577240488443,low
0.9965227879364856,0.734970341184571,1.6690991391076302,low
0.9305523723786742,0.9735895448265481,0.6629067222156252,low
2.589343057949609,0.14908674230844868,0.22550300887978442,low
0.915297589172269,1.564523490732437,1.508571690407961,low
0.060570710921577786,0.9305523723786742,0.6141987406797049,low
1.5398233046733372,0.025916163731776826,0.18654570838079543,low
0.964440665220366,0.6888303037870435,1.692197919154637,low
0.04281002180231473,1.13990814974553,0.24202693247181362,low
0.3604434747046195,0.6509090660297447,0.7970411511763993,low
1.4417873630250377,0.01884006070820488,0.9611272707169676,low
0.07395399477014113,0.6554640843361529,1.528722378787929,low
0.6438010444597579,1.7502684434017368,1.4736295598546696,low
1.9219690818444723,1.1365834717522916,2.151705843434283,low
1.3879143726472107,0.445252541479584,2.12686052567265,low
0.7372788436677776,0.7518602239894012,1.8471226587570189,low
0.3170628887474255,0.20857585908307422,1.3731366207849482,low
0.5937451514541312,0.6161334668332813,0.8154368796081763,low
0.6953226510310647,1.0946632296392729,1.5924658097601503,low
0.10208287020470923,0.5937451514541312,0.6504102761324378,low
3.9122210294650004,1.975393010935206,1.416301452063077,low
0.3627039395602711,2.191985171572163,3.421947823899452,low
0.004470099901276367,1.103199403761252,0.03996964049456662,low
0.8430023543994476,0.9522534363098455,0.6199232370961167,low
2.5435734763497515,0.012884952924192776,0.15957120544919393,low
0.8751676564358862,1.0869450137336014,2.182067922169621,low
0.7592488006656984,0.8623632428522638,1.2763799354616518,low
1.0583175245087022,1.05497024767269,1.5895054885232447,low
1.1107660547614548,0.8045810136979624,2.0884677344809894,low
0.7199871463706645,0.01120534345637257,0.1964978748166774,low
0.24259330336605583,0.7422781200218219,2.4348966102743503,low
0.6844235774383524,0.10483280064036953,1.4882107811385499,low
1.1375721543550255,1.6764738060720072,1.4738461325804895,low
0.5387948032664864,0.07290246350350993,0.25393447710559536,low
0.00934066973811818,0.9890284513172641,3.1340711267781005,low
1.5220329846372471,2.80100914375058,1.9679337000322568,low
0.8618752308041064,1.8643569366730939,1.1646948851951509,low
0.4525493022352751,0.8524010690415669,0.7623062298666202,low
0.005974238052889222,0.030835177963763134,0.006937461550467412,low
0.01871845868016737,2.2602212986403307,0.03373541291026197,low
0.2380420488309731,0.36056637860692187,0.13540131463347277,low
0.002011770850772923,0.7031340282600802,0.3044306853063617,low
2.7616912888087484,0.031162369766921914,0.0935469524828868,low
1.7301024922392216,0.7373902288179549,1.9584298493433097,low
1.184018717702746,0.6107738623389085,0.9823539053590349,low
0.052860234539304905,0.031151566238131582,1.0244311582796726,low
0.8061699836602086,0.2885671613296884,1.5890705366395776,low
1.1411284583728092,2.4993682598959093,2.5101070744452603,low
0.054372253741529326,0.3454739259669745,0.12136647677119822,low
0.8184301221680311,0.028373960150574695,0.20679849489545557,low
0.7372788436677776,0.5821456337659943,1.5887926671168202,low
0.045822062938496756,0.6694240744717057,1.7191750315016945,low
1.9529642815968649,0.8438589448357515,0.5441469367232336,low
1.1680600503011782,1.0401141874870075,2.398622098437824,low
0.6463440711455571,0.7969498513107587,2.6216763457747323,low
0.3914691593852133,0.23768240461279752,1.3629394203648286,low
0.7694225810031735,0.3636533436436195,0.7434906888763397,low
0.10133580472031287,0.026343011711540822,0.03497836032767724,low
0.09472631454703348,0.6694240744717057,0.8965432931406232,low
0.5265143550994906,0.09458017340985629,0.6534252264626794,low
0.026768959657067534,2.473167714329205,1.018902807546706,low
4.603395723259693,0.8365175424620682,4.209538269925431,low
2.238001263717792,0.9073789116849944,2.0381845717179585,low
0.6518531277892343,0.01993288236004048,0.17974506700469323,low
0.026768959657067534,0.10385545764380442,0.0731047138842478,low
0.016348506067812973,1.1482457018453183,0.09190577552934176,low
1.3038543953306507,4.512680238743208,0.48011951790725005,low
1.816378695904711,0.5296570368581549,0.8702032139058185,low
0.4810145377519973,0.02745966006292825,0.48689547807117206,low
0.05856857008078444,0.36056196795776335,1.5299197719841182,low
0.08095467200478713,0.7378374928003647,2.701152629283934,low
0.9394566097192389,0.15651731646578995,0.8961923164352095,low
2.479652419389434,1.250587803612679,1.5089019174538816,low
2.202415401723806,1.0736349173559139,1.5167392634876091,low
0.07876263409696325,0.3202176134361671,1.7634375028153704,low
0.020177903853720664,0.7266785057141818,0.661442370720023,low
0.03460309863907806,1.2523693325887333,0.07804533100051722,low
2.4706429126602028,2.36474806083624,1.9189124432793347,low
0.47101219397341465,1.3898807637607056,2.7241701563348966,low
0.6166273184826533,0.6357660658452208,0.5138956649987761,low
0.05012481426797575,0.8702522508656213,0.6330491759707959,low
2.629735115292572,0.048998446962645825,0.4162770194258967,low
1.0660048470195431,1.2132555786172068,1.1463639095344123,low
0.6394864281835657,0.8087178993527282,0.4609622073652237,low
0.9141550917407014,0.3099601768893889,0.7961937841472502,low
0.09520899419878663,0.4213506360454036,1.5582517710878807,low
0.032497366057648004,0.8980913751957964,3.4369568507006623,low
0.7493477200416521,0.5186642643332567,3.477500088407459,low
1.0920061592943744,0.6531909286507518,1.5343601418633273,low
0.24178405540834746,0.5926010065148816,1.6459916036640885,low
0.9728547154594474,2.868835863674293,1.518520948420302,low
0.9404454195756855,0.8623632428522638,1.248542257127642,low
0.12195045050725724,0.43946956582437613,0.18914054862042282,low
0.5674172714128489,0.06640959933733692,0.1584977918094872,low
0.06589791125708838,0.15157811479906405,0.11914263113052542,low
0.35769130517705533,1.6823412342356436,0.8200872398594917,low
0.7177413604637405,0.6857772869862105,0.7110567104521823,low
1.0593422012106464,0.8504881030619899,0.8289425818791872,low
0.47837646269996065,0.8470452359518141,1.1483407935947292,low
2.0189009654824357,0.4651777558182759,1.50601563652099,low
1.7240777995838823,0.6272036067523535,1.1331989644458507,low
0.80509380598277,0.008112747178114572,0.10307243374647318,low
0.6836030162481173,0.1965520673772264,0.1877326649574825,low
0.8730247705946909,1.0915784475523997,1.8351129080673452,low
0.24794031329755742,0.5293782456281069,1.2451022750817657,low
0.1333290469407134,0.6998750249162485,0.6543468654418365,low
0.009058008600368966,6.979454543106837e-10,0.0015650913729701823,low
0.6362779102905993,0.28127109536525174,1.8263833890370293,low
0.3948444214481153,0.5379075894516243,0.9039432025300065,low
0.05934957597133574,0.24465475229697164,0.2951825829675293,low
0.9156908475596931,0.5666306622362591,1.2128979363098953,low
1.0309375068209254,0.028934920580194593,0.4367896435722845,low
0.7969498513107587,0.07648802980897514,0.7626493397423068,low
0.04394157733036057,2.5223036309445797,0.2673800514481066,low
0.003431380335289247,0.4647108687549361,0.1307747872603601,low
1.2853723700106658,0.1673622919070829,1.0214751164441065,low
1.9114024074341627,2.262047893111186,2.367395029005898,low
0.024164713909074452,0.018908261361486295,0.019512541744083373,low
1.0096430902269409,2.2760791200204036,0.8312703778142765,low
1.1179913135027095,0.32695086248027827,2.514990595310861,low
0.11461083298063202,0.9260156450789371,2.77716924139183,low
1.7845962179735664,0.0013611903071296168,0.22405288049409072,low
0.061840623064281425,0.0006393210552444544,0.847837288764697,low
0.08807564163978093,0.7342439310625608,0.6966157228411614,low
0.9714739595484128,0.39585256653992085,4.675791319205462,low
1.0701305192869408,1.1365834717522916,1.151240333683651,low
1.2610991813755812,4.60517018598909,1.9955368568107144,low
0.06930975139057512,1.334954657386428,0.39713857462703905,low
0.054443813165711,0.8826135462851351,0.3912313127869108,low
0.07423858294291802,0.664684006458932,0.22452002008307548,low
0.864144308740232,2.532918892816609,1.2957096507786434,low
0.03472652249790991,1.9135887402252454,0.19418887340850374,low
0.8086667453338091,0.7198131648127364,5.149315853367948,low
0.6778458641902729,0.15120349864250615,0.9095943997230092,low
0.028453531868711558,0.22337933374080116,0.062051906138093874,low
0.04394157733036057,0.0028976726856360753,0.020453976060855056,low
1.3824588466830658,0.4810145377519973,1.0586640720021039,low
1.6915499998347747,1.7512308980780908,1.8088267869516415,low
0.38277771940031324,2.291914354383752,0.7902187178890914,low
0.6496876775572515,0.10133580472031287,0.3714937294392469,low
1.1862582142099525,0.3388010521180479,2.3677805387952366,low
0.6510103376817853,1.159139218696403,1.4615908091405032,low
0.8280332708765438,0.4674056321580903,0.5929067940657078,low
0.7183842048344827,0.7697021518878061,3.0687412281782445,low
0.005002000536552695,0.5235860068559169,1.3408732850730951,low
0.821997125031345,1.2371280086188505,0.3555121605552077,low
0.42676518815017134,0.7972196212481587,0.8161204967346688,low
0.6318487855644485,0.07864506764376537,2.7555261452934032,low
0.0010012659689592385,3.546267960435847,0.31938820075390884,low
1.7103510269261273,0.060991722826777756,0.1339043164805372,low
0.9095080909668618,1.7314974692662353,0.8824604763040821,low
0.7152835169436186,0.8621427234297282,1.4924862428560548,low
0.11629027340215653,0.9552613112017625,0.5726133976014952,low
0.7885536004226305,0.006084601322613847,0.09116333030436077,low
0.9191702636675414,1.0869450137336014,2.349911748364664,low
0.08368125649183192,0.04127292021027577,1.8621731732678481,low
1.8164624159873326,0.03726462412020184,0.3608204869739465,low
1.616096541909631,0.8713717161629745,3.188905403916873,low
0.692746699277501,0.011793338018607798,0.25277643530419297,low
0.021135789481500505,2.2848677095552543,1.1351252990001945,low
0.13618533316771445,0.7592488006656984,2.4677793955974208,low
0.9343803578376715,0.48778708695479567,2.542215466427133,low
0.07989570905211067,0.5606836224033894,0.07878366229984719,low
1.8643569366730939,0.016591279145190145,0.6848063556217696,low
0.8016198572779285,0.9345103780669171,1.9919445015243735,low
0.7493477200416521,0.08368125649183192,1.1818930507759398,low
0.38324904980361546,0.0015219114892737837,0.044716308776587665,low
0.6154105990316402,0.9555604358647137,1.2188506278682762,low
0.6900529699593951,0.01993288236004048,0.20214781396605924,low
0.5148147588342815,0.01120534345637257,0.12309290110170651,low
1.7301024922392216,2.2027087193828736,2.517351412477237,low
0.033539072244473694,0.09590412031609462,3.0952229934776265,low
0.04397219861449291,0.04621834905444808,1.404497129744839,low
2.0080686903465175,0.6785149249775809,1.5147693570535576,low
0.18160807512801838,0.74790074010301,0.6419002527410683,low
0.009998500712687378,1.164661997591358,0.5738350681683595,low
0.09458017340985629,0.39585256653992085,0.7978919099421296,low
1.0866247964937152,1.7103510269261273,1.4758384434433396,low
0.03037678211587689,2.307997833828371,0.022762340698873156,low
0.2228454178951634,0.15055280510851418,2.9103698583324613,low
0.04284241001995828,2.473167714329205,0.9850679228988762,low
0.0034414647418925014,0.01863036279540397,0.9340712995401443,low
0.7353513791832857,2.411747702123762,1.1527827618383457,low
0.9846872606551379,0.31019302127849857,2.4986764629869156,low
1.9219690818444723,0.5260171165367553,3.8253908106057177,low
0.0010239388170085542,0.8850964038447962,1.4324456366798903,low
0.5265143550994906,0.04981972672265555,0.0862226268868244,low
4.603856085698428,2.003990779317833,3.2778381749093772,low
1.3996162663545133,0.18686861748322717,0.4797233357194455,low
0.9654879461842931,0.05673508227221473,0.3315831572670293,low
0.4657129807999026,0.821165473724606,2.087204251809416,low
0.007209292950478794,0.5362819109797443,0.29756452376619724,low
0.8486472444591332,0.23566131474384328,2.27983570815337,low
0.9846872606551379,0.5293782456281069,2.699076965388789,low
2.3112499603968657,0.808698197442986,0.9929372741681581,low
1.547006791507336,2.629592774807668,2.720976290608854,low
0.42676518815017134,1.5043022351027722,0.3517361246080321,low
1.0130449937374428,0.019692849350444363,0.7077860283849648,low
0.7107055797046364,0.05049070677913844,2.6841715959904207,low
1.1908028536509307,2.5187431975865673,1.535321409696674,low
2.0717944323107584,1.1395827171660533,1.6897065140252872,low
0.0004189448160859477,0.9098489229149693,0.1189161174443008,low
0.009058008600368966,0.10362156068257773,1.1747151279231316,low
2.478245643184638,0.13308345246470166,0.45274428742041595,low
0.9790011070521715,0.5449243695508266,0.4503894829422999,low
2.024070209849057,0.0010008517386397037,0.4713239580870966,low
0.9483281347412578,0.7550023911504066,1.9283499493506178,low
0.8897459488359623,0.24259330336605583,1.859288619495394,low
0.6633728475804942,0.4769512334708557,3.050412102577076,low
1.06499584259102,0.08173779040204047,1.3839502438058122,low
0.3865312386166987,0.02049603115563243,0.06825120009407105,low
0.08973221664687926,0.2224480835894996,1.1934478273115843,low
0.9479220426921509,0.037677290185982926,2.0396820740815933,low
3.0637993602602727,0.20037999828441644,1.2141251538377147,low
0.03740960991879188,0.6331232522200018,0.3418625471983167,low
1.692184798681887,0.8980913751957964,1.501266846798413,low
0.5260171165367553,0.6861006130833726,1.1397487460069364,low
0.022034967288500174,2.207267946423685,0.7221572794723728,low
0.004714463593666444,0.8983429649253408,0.5190251577304703,low
0.9673378736976899,2.139336947912268,2.3097629924298415,low
2.8438584834348433,0.7564797690417894,2.37097138518883,low
1.8304507907405436,0.9156908475596931,1.552441660639472,low
0.0005945093978013296,0.22912870233405688,0.05821975447425686,low
1.7237481266543697,0.8091795058059236,1.4196722424143846,low
1.0879222059921572,0.29406415063619845,0.49340980624703135,low
1.1223646758765295,1.7110635389261395,1.1308839770308583,low
1.9356175027678364,0.6185182669330453,0.6685273651065899,low
0.6270002167571311,0.8045810136979624,1.6871127544542859,low
0.9125433801679695,1.499644152021237,1.7933025053165648,low
3.949548355743348,0.5384116939064301,1.0474288367882805,low
1.3421079843658668,0.023804048732373143,0.6039389735065803,low
0.698803955395597,0.34012561380040085,1.361849537001434,low
0.8396679677260285,0.7127280093988572,0.5865683524254127,low
1.2547244787463088,1.0752469766565136,1.8159726606189242,low
0.00292955531437442,0.04942238455779949,1.135000170566719,low
1.1854675277235704,0.0030169551120762944,1.4446010247722125,low
0.11191109530523327,0.8262319479075744,1.0734283019757205,low
0.7310636739335689,0.46671466437240133,1.4212222788130353,low
0.6151847848258865,0.20029370786409664,1.5452354291125943,low
0.6976864563106199,1.0838040885137534e-05,1.5616738927339384,low
0.5362819109797443,0.3144508731269003,1.5578076285651223,low
0.022499965266013378,0.21729387707692494,0.030906442708288892,low
0.7518602239894012,0.6382269954946693,1.878337331311875,low
0.031720780134256714,0.5322959594150464,0.10535777986385042,low
0.02745966006292825,0.39230251800636673,1.3327578254486487,low
0.5821456337659943,2.629592774807668,1.9637984953714738,low
1.2107109578374902,1.2348013700933924,2.170343813986649,low
0.025913989684524467,0.9065855252331977,1.5398262584037574,low
0.965938126548577,0.2886230606094696,0.5637450065350946,low
0.6884267892900187,0.36367333833697174,0.5681340542164659,low
0.34012561380040085,2.1154799343288606,1.3309753822090673,low
1.2089686924156893,1.2883055372617163,5.298317366548536,low
2.594278986050199,0.5032195514747513,1.3568291030966764,low
0.6270002167571311,1.1081857823561825,0.5032833076179695,low
1.1150108480806515,1.7369453562985344,1.7964284024117871,low
2.462624292826833,0.0009223104443759474,0.6197678136459563,low
0.6069728904851868,0.2479904611997358,1.7370964731822678,low
0.0165360241628684,0.8850964038447962,2.165874825924042,low
1.2040682100692912,0.614722014023424,4.62504244709449,low
0.8788376908094031,2.8021429744362027,2.4573706697514655,low
0.8825134428530975,0.09059661927554076,1.6286599213312036,low
0.8310889861224378,0.9095080909668618,2.7052073011768805,low
0.7826748091137314,0.7509279020845997,1.0872178905277283,low
0.2784326988278967,2.485545100182865,0.16026804121754468,low
1.0127603850808757,0.25494548405867606,0.4938574090474097,low
0.40837617385328917,1.0087434415957959,2.133341058110087,low
1.2448363089247894,0.014152476045715652,0.27776831737008767,low
1.2581444931050207,0.7126957390463571,0.5919232935730044,low
0.8310889861224378,0.0015219114892737837,0.32199615093496187,low
0.07532348356188087,0.8421072546673453,1.0275061732113593,low
1.0345588198430955,0.001098066597780248,1.3998388740866126,low
1.0799734507374117,0.766618845462008,3.319043826477741,low
0.22673460273070328,0.8547448477767644,0.8332951513566614,low
0.4538057367740237,0.026261750257715395,0.06357340411860488,low
1.2353748472699064,0.9850309724114694,1.6980193255438127,low
1.1171787512283708,0.766618845462008,2.2705181858869694,low
0.4165741749115737,0.013758341440435085,0.0848095955725869,low
1.164441202053888,0.11226872736490635,1.2892129738021936,low
1.1695426247665606,1.934566394175395,2.591847120585361,low
0.7310636739335689,0.8730247705946909,0.9810660819067415,low
1.6831745972460257,0.9947907069757801,2.229449559177642,low
1.0559380049802343,2.291914354383752,0.7090336394199238,low
6.979454543106837e-10,0.01993288236004048,0.00525545964432034,low
0.5265994192376676,0.6636915641143883,0.7479519294103477,low
0.7173322998150904,0.7623537001423396,0.985235181868992,low
0.821165473724606,0.4538271381538811,0.7366820718617636,low
1.7502684434017368,0.9612614313759802,1.8279286650788753,low
1.1493558662460914,0.9427737603211978,1.3546997295409033,low
0.0871702563844123,2.3921467056057533,0.24912393976313477,low
0.5214016556451753,0.053782324208778605,0.6225792140235268,low
1.1874873786287827,0.6510103376817853,0.885468617509174,low
0.3426984230964985,2.1154799343288606,1.223598366380952,low
0.054372253741529326,0.05673508227221473,2.299389108430723,low
1.2498518376517764,0.7017476599644199,0.5004059480356662,low
1.0179583812711066,0.10250729758459588,0.21656311487677052,low
2.1546623745088955,1.8967402043943176,2.000001137927944,low
1.0125809401583035,1.03155019923511,2.61044761039067,low
1.0087434415957959,0.6086653491620223,1.288743330391992,low
0.9394566097192389,0.924627409668175,1.6428341077793873,low
1.1402871634106853,0.42676518815017134,1.1968287215949909,low
0.9890505836396665,0.12557627998188348,1.6643321404219233,low
0.02219207450283377,0.28811807037366277,0.31354672411311163,low
0.012225484460450348,0.47837646269996065,0.04328722216076,low
0.12193804577158207,0.38563688654803835,0.28451480940508755,low
1.9341990410008862,1.1570154597058562,1.918163385763482,low
1.3437321215621356,2.332534178428004,1.2861473706158102,low
1.4000079091270947,0.295771343828917,0.846746162356117,low
0.24465475229697164,0.24471977818949775,0.16055529072607996,low
0.979789467600304,1.0127603850808757,4.606959732045437,low
2.0717944323107584,0.2815190020334732,0.9789908082211312,low
0.08973221664687926,0.02353785110545452,0.14727647470804592,low
1.0946632296392729,0.4769512334708557,1.3574472703286238,low
1.4000079091270947,0.15651731646578995,0.3823838092231241,low
0.09215034555937654,1.122334127560939,0.4236568501000552,low
0.8378567113942933,0.22829885226605498,5.294171910871899,low
0.5422271181172362,0.29091181925199866,1.592868786550556,low
0.5851536974879405,0.7538386367608689,1.584053590273524,low
1.1983095216692017,0.9937574300495257,1.7862354192961976,low
1.0525166877285679,1.0666391386552823,2.438576006911836,low
0.7266785057141818,0.09290839922122573,1.4523583139194352,low
0.4061142155371523,0.5530773400629024,0.6196693394556683,low
0.028266436980832105,0.06951696320827155,1.1369197056376081,low
0.6931175879005496,0.0012733792397756393,0.19338118714476382,low
0.18678108349601644,1.5901527557306883,0.3280853520058725,low
0.2886505540303569,0.2011566254423945,2.8472996809464957,low
0.829190312138729,0.8480982122502446,1.8641676241721807,low
0.06951696320827155,0.6846330678880939,4.625470087625677,low
0.7796276993226695,0.0001562934134024108,0.4631141838790238,low
0.5491186034908249,1.71551168618924,1.6653733410347054,low
1.5254534217555198,0.6778884205290461,1.4800629993582572,low
1.5921461149974954,2.000908587487713,0.9966548747220848,low
2.384018180350514,0.015318574197152567,0.104570753548822,low
0.2916489852135349,0.8531746510189268,1.7976027488637263,low
0.218880440120733,1.5152466292819782,1.3126353967920243,low
0.8437065918141349,0.894527483948641,0.6755600786953186,low
8.633147975595806e-05,0.8239079687275889,0.05444364076494397,low
1.4644350788843128,0.9746891184950041,2.687364253963235,low
0.35614535406100606,0.8042783518601806,0.835813397291096,low
0.8061699836602086,0.25719505382714336,1.8975640527555573,low
0.11112417942572933,0.3929137655982182,4.617456524093216,low
0.5623501514436859,0.15651731646578995,0.7728278980894772,low
2.3854492455715253,0.8470102517734024,1.431296994261607,low
0.0009026596957845848,2.8021429744362027,0.29495038335573986,low
0.8860525389075485,0.08173779040204047,2.9293338145578547,low
0.7490588942088863,1.164661997591358,3.046036041892267,low
0.1757809416808117,3.949548355743348,0.4822847522760989,low
0.18679947226926752,0.18160807512801838,0.18913272322236374,low
1.1402871634106853,2.300589796506762,2.675557756246267,low
0.6662061177782771,0.7709672830733727,0.8454900397734819,low
0.05934957597133574,0.24477616590467055,0.05511733261068438,low
2.0208634764764835,2.0862983253563323,2.396573855185116,low
1.1352540057216798,2.139336947912268,3.934539235463332,low
0.8833548960476714,0.7483377057503362,1.6542351933980475,low
1.0583175245087022,0.36367333833697174,2.9416156814369647,low
0.07273781258424607,2.444230130738516,0.37329752594617893,low
1.1285460726532004,0.013434845173181498,0.22444462534755627,low
1.2040682100692912,0.10000042942314775,0.8574222306344598,low
0.8571896534895868,0.09508514445331759,1.5603864750523082,low
0.2060438031386819,0.8445094480444905,0.24833296084098783,low
1.7222762765927628,0.6473019328479499,0.8214653938819363,low
1.7502684434017368,0.6392488202116469,1.3419971673292346,low
0.502405423773116,0.7296563304796473,0.5609984661306736,low
1.164792510691501,0.6938628068111735,0.46970330581863096,low
0.8529833933054372,1.1223646758765295,0.6103000084245529,low
2.7426810476092025,0.09480756765925166,0.1766769545843232,low
0.16587898490299524,0.8504881030619899,1.1661077636264312,low
0.6463440711455571,0.9347063050565072,1.2422444756407753,low
0.39039545188258806,1.9152587153698975e-05,1.4546576457547367,low
2.2110418349309664,0.37489276521256687,0.5716682017497504,low
0.0029063459543477743,0.04723464511402931,0.019733885219030908,low
0.5728365292386252,1.0713186257865377,0.5638397030517551,low
1.2113249441928078,0.9932286360031495,1.5489327506961836,low
0.017134714229566753,0.11383762403711098,0.34367395956258534,low
0.9815252840062277,4.60294518579968,1.2175359116735958,low
0.0018333007582578436,1.1411284583728092,0.05770559975833704,low
0.09306600105071786,0.7006428158725856,1.077703389366986,low
0.04961714101328393,1.71551168618924,0.11205519435876064,low
0.5091382475068319,0.10133580472031287,1.0979383401116654,low
0.7628306528879201,0.9964567274589671,0.8323490069816871,low
1.1908028536509307,0.04397219861449291,2.4984249854627443,low
0.9647426420999459,0.7538386367608689,0.8479038927053503,low
1.1699279181349924,0.004714463593666444,0.0959346539765823,low
0.2814171595579316,0.1374265069360718,1.5407776441150647,low
0.11398357259001153,0.3559099480990983,1.009423584453442,low
0.6217163935744182,0.5885085516848398,1.4771546980581707,low
0.0034414647418925014,0.12853662317818715,2.6857527004043105,low
0.37638612472268435,0.688058750154836,1.4486072112177129,low
1.3059557764867302,0.18484791652415566,0.8707096968166158,low
0.2693123417369722,0.8013177898631534,1.9435658752573306,low
0.9204679947355479,0.057358430137382496,1.452980252508518,low
0.21077043862476866,0.0960739810488246,1.003330515903389,low
0.021135789481500505,1.164792510691501,0.09787821775782352,low
0.004160131497845137,0.005888649691887498,0.008491448595843271,low
0.24465475229697164,2.0208634764764835,0.9938052100226361,low
1.1365834717522916,1.1179913135027095,3.035580820774316,low
1.1352540057216798,1.0579434040563915,1.5095907626392933,low
0.23206893990122107,1.0248951260328725,2.056577061651453,low
0.0165360241628684,0.22673460273070328,0.04686122161615426,low
1.1858240275420662,0.8390560784347744,1.4461850901267779,low
0.24178405540834746,0.6490806507998461,0.6811791178547967,low
0.8291092444451098,1.0027121010322473,1.6371203559465537,low
2.159094372508986,0.2702899345222538,2.862330187197584,low
0.698803955395597,0.1093725220871595,1.3327839587191663,low
0.10741277653035737,2.2110418349309664,0.9482491683351161,low
0.18460274723231013,0.36367333833697174,1.080419648769179,low
1.2220850080583032,0.9600592026224158,1.9538693867813104,low
0.7045605389477022,0.2550673461959591,0.5944203316586237,low
0.9983343082043317,1.184884196232315,0.814152998295813,low
0.7564797690417894,0.5009738540353225,1.4493862090617795,low
1.3402536384208963,0.8437065918141349,4.107178951950594,low
1.816378695904711,0.009058008600368966,0.07813470553828633,low
2.191985171572163,0.04519119215992709,0.28266289457491417,low
0.6008061353017699,2.7048015674132477,0.9823082998868563,low
0.8954677678655304,2.8439941864108955,1.0744634344841273,low
0.355896256174935,0.004638703032423688,1.4648295911572766,low
0.801729827479485,0.18679947226926752,0.19876203740098078,low
0.8045810136979624,0.5268747479403033,2.1030356602985942,low
0.6943056112216519,0.3144508731269003,0.825773727038256,low
0.01000681142678827,1.7240777995838823,0.4131141265446307,low
0.13404200956009243,0.8676783712110328,1.1841278828228101,low
0.06147663445191167,0.0582971455711092,1.1543126485602269,low
0.06452502912034115,6.926076304717541e-05,1.5663833342073716,low
0.5865425669501823,1.9197236357186391,0.0931143642013124,low
0.028854669055105843,2.9995456133898473,0.6740650463957016,low
0.9591209749185053,2.258802194735306,1.477788739729607,low
0.3613690381349043,0.08095467200478713,1.3985917877613179,low
1.2146521031885007,0.13618533316771445,2.5209505043071303,low
0.450622695882741,3.0349120494289834,0.786968059795173,low
0.7247127521061998,0.0023128062887471435,0.1009033523458514,low
0.8043584178430757,0.004160131497845137,0.6409308042192521,low
0.2082677194836975,0.11112417942572933,0.09823900500708305,low
0.49251043497601704,1.685116861439107,0.47678261158525315,low
0.1432923525649706,0.3442677372094717,1.116118938713298,low
0.23798729381604197,0.6032836834382634,1.8233858088327781,low
0.03037678211587689,1.0525166877285679,0.23610312152203708,low
0.6494670139737845,0.5821456337659943,1.2626796956057067,low
0.3714484303976064,0.4081358890346728,1.2507300104219652,low
0.40187686209964424,0.915297589172269,5.294030601643961,low
0.03740960991879188,0.8437065918141349,3.0150305675224036,low
0.02745966006292825,1.377218929027589,0.2720843859913468,low
0.017413421272577296,0.3898161935572943,2.247671977332091,low
0.39585256653992085,2.409741359516807,0.6610012949330232,low
4.60517018598909,1.0660048470195431,1.680340336906782,low
0.13333088734702728,2.478245643184638,0.48260164776343895,low
2.730113777388387,0.7202746810055394,1.1285257269302873,low
0.8043584178430757,0.3126771144316332,0.7254053782948015,low
0.6855948014195942,0.14969975642990394,4.604212113006752,low
0.17019533190943395,0.04492344184892123,0.2920698774150916,low
0.005517272186860388,0.2869337906666314,2.889191690209263,low
1.1591760007212715,0.579918185965592,0.8931824204109168,low
0.1093725220871595,0.006886654408387003,1.259047063178283,low
0.5436430648329867,0.9683933507238364,0.9687121758927603,low
0.05928874707934486,1.0203282126855617,1.690014548784835,low
0.1901371326895271,0.1432923525649706,3.2852107270678483,low
0.02288670114072614,1.0968772814564758,2.113727840696917,low
0.7811294219168786,0.007166664314481006,0.544002788312049,low
0.9417924960966588,1.2868423680527616,1.0763442155348744,low
0.41374497959010964,0.7780667483601097,0.4775236401362855,low
0.22561005513722537,0.07923912526197706,1.6224400668433514,low
0.0018944422734554862,1.1638060544900077,0.07750176100963514,low
0.7483377057503362,1.2452371811899077,1.8278813974453663,low
1.7527649941348744,0.5718459944819431,0.7771327310196402,low
1.5730014053164254,1.2452371811899077,3.271563171411068,low
0.9482377395505115,0.6862497889565007,1.46705867702641,low
2.381258629556961,0.10913260594114538,2.6002581238693034,low
0.677710602408846,0.0960739810488246,0.3070551426374173,low
0.005087641161579868,0.005652399150638842,1.117952525841355,low
0.2814171595579316,0.5606543004527843,0.6726055957759752,low
0.0026044424215143787,1.2411963063661462,0.0761090125530311,low
0.7453500595698072,1.0805729745346253,2.9309047877276617,low
0.025968450628119807,0.7622770797568329,0.4768612327578442,low
0.5325000467538505,1.3879143726472107,4.010731679856316,low
2.1961618666446467,0.5891654908746874,1.4837132024793511,low
0.7359092400180473,2.945776831920307,2.493966706592096,low
0.4476156053754253,1.5220329846372471,0.6189208832877382,low
0.11707182713177816,0.07066297245089354,0.6886979632864519,low
0.9260156450789371,0.19587170944667195,0.4638362752288948,low
1.3417251346529215,0.03228415964912199,0.10820297867061743,low
1.3402920375113052,0.04287688122396375,0.6056997881727801,low
0.8927101604811603,0.22851231740806605,0.8513925200278314,low
0.6804662732865758,0.030835177963763134,0.05943502180964698,low
0.8260889553257192,0.7789900281729711,1.5258896698211835,low
0.2577019331826823,1.2498518376517764,0.7984252481200119,low
0.06465140541568176,0.05934957597133574,1.5274381520750036,low
1.6660825701512834,1.3417251346529215,1.5262586204286788,low
0.10208287020470923,0.0008821949540412116,0.035729730440057575,low
0.45426629203959623,0.8280332708765438,1.1942796587906137,low
0.02661477628898234,0.4769512334708557,0.09092443430272856,low
1.2043467736728257,0.5148147588342815,0.6658414762292912,low
0.600131804362695,0.968278288014061,0.3072034741331311,low
0.9985221553772002,0.9483281347412578,1.3629789583247278,low
2.8658844259142238,1.2089686924156893,1.722690053824077,low
1.2663938102984844,1.6665872360989835,1.845927400087773,low
0.42872527710552816,0.7393120509008303,0.3996744155420827,low
1.539364205706043e-06,0.05662420124570731,0.03435862080373663,low
0.060854624717373976,0.030835177963763134,0.021208178590665518,low
0.014152476045715652,0.3613690381349043,0.7255128863376932,low
0.6356977816653082,1.2358052941213453,0.5213739363469169,low
0.7665228788508409,1.7672151011133952,1.3913268225752575,low
0.6318487855644485,6.863606515214293e-05,0.21348142527676928,low
0.22618109022906022,1.0498451289427246,0.25816774550486493,low
0.8730247705946909,0.401991107859783,4.839348434781404,low
0.0892371637545473,2.5223036309445797,2.7728423217982243,low
0.0923294854558529,0.369578644209475,0.11189046283180806,low
0.41937850061561177,0.22337933374080116,0.49743129478852893,low
0.46767522531120803,0.6494670139737845,0.40203735907299176,low
0.3776373173638041,0.4657129807999026,0.23602533583417973,low
0.38324904980361546,0.0165360241628684,0.5640220514289186,low
0.031720780134256714,0.6662260485477468,0.7686185813687983,low
1.3436664526675417,0.10483280064036953,0.18497093292397992,low
0.6490071138426203,0.0575864878594074,0.37742307895183247,low
1.727346970948653,0.04421266984033378,1.263611710909412,low
0.7509279020845997,1.9529642815968649,0.901997635101547,low
0.8388099969412928,0.9890284513172641,2.692895034373779,low
0.7183842048344827,0.9497277597604387,1.729564351305086,low
0.37489276521256687,0.18306039676810648,0.19368411238340705,low
0.821165473724606,0.10250729758459588,0.5610669639091899,low
1.1274264728815033,1.6245541335168634,1.5988238516858986,low
0.803432499394047,0.9156908475596931,1.7371379272799123,low
0.8721672914749284,0.8010896878307949,1.045769902001803,low
0.8698614888682781,0.7191579251605531,0.8277861300968398,low
0.6142807815333307,0.9299104173137944,1.040212484770723,low
0.23271103309557245,0.09640493088797493,0.3715785591699706,low
1.0179583812711066,1.4691083730254109,1.2921333256958554,low
0.019692849350444363,1.0340714248302192,0.3773938609641575,low
0.5360111218401759,0.07989570905211067,5.296646400066439,low
0.8396679677260285,2.40600527060453,1.2780829387970831,low
0.8565551165860551,0.1919432262278169,3.064194539757854,low
0.8239079687275889,1.2113249441928078,1.548502066747139,low
4.60294518579968,0.05741046140960096,4.319961471654917,low
0.8883102393050258,0.05962877779451566,1.2517227875050436,low
0.23658159982144983,0.8981772771063408,0.7214049399797159,low
1.386193073232586,0.4213506360454036,0.41407592710435365,low
0.37489276521256687,0.6938628068111735,0.7986370233246777,low
0.8212807548612554,0.5556811565722136,0.6808881900947859,low
2.0598967129100534,0.36872931391180275,3.323434528011287,low
0.019692849350444363,0.826929529447811,0.03770656607787113,low
0.4158184290844094,1.4417873630250377,0.5051889429097698,low
0.03329350634050908,2.0862983253563323,1.6184582061236694,low
6.09200481092315e-05,0.13273969638185965,0.009211693655024602,low
1.2523693325887333,1.0654382267096596,1.1904410346891436,low
1.6660825701512834,0.2869337906666314,0.590104669700273,low
0.2805682987472264,0.5321258004996683,1.9127975274599882,low
2.332534178428004,1.2170665155448093,1.763000415907719,low
0.5607658788477098,0.8192255313392254,1.2632395056228558,low
0.27497951178959384,4.6033953790221185,0.6978450018821516,low
0.8040514763746275,0.02193499282243952,2.431955038568333,low
1.692184798681887,0.23271103309557245,1.4938763643160036,low
0.1677330483473496,0.7694225810031735,1.9045239224263282,low
0.21771061691847154,0.4004045511914241,1.7578144193623968,low
0.18729495938217003,0.4671039243651245,1.3247147963081096,low
0.3627039395602711,0.008118712273277522,4.51647763258976,low
0.018486090953302406,0.7830235406703772,0.6827491820650892,low
1.2893053594368769,0.5386858937267518,0.9026396246435853,low
0.8782779838718109,1.5730014053164254,1.008197082579766,low
1.1197479319591404,0.17484890046562754,0.8166973518281054,low
0.18729495938217003,1.71551168618924,0.6461727485858249,low
1.1197479319591404,0.004585750076313763,0.6931279012894356,low
1.5398233046733372,1.2991477180000819,2.9797364428775808,low
1.491437970837699,0.04421266984033378,1.1075235451159129,low
0.2414547538959371,0.0018333007582578436,0.6894264143793417,low
0.08527017328245529,0.8616036989209739,0.2456430575168724,low
0.03516390453231761,0.7275440335967299,0.8833208430535929,low
2.2607198132038677,0.8883102393050258,1.889783731851331,low
0.7671571632947408,1.020608657953344,1.1798596823408976,low
2.332534178428004,1.1332255241151854,0.7655422721872855,low
0.3853699637684481,0.8614759335194738,1.2679074984039744,low
0.045822062938496756,0.5499472445752102,0.08601263912391238,low
1.7502684434017368,0.33675259572420546,0.8302525839231311,low
1.7369453562985344,0.49533347487900675,1.2842877274444706,low
0.11383762403711098,1.0039416731569526,1.5587659207002105,low
1.1525079553751423,0.9581190160757536,1.5022847647031592,low
1.6245541335168634,1.2566799582416177,2.4575095438936625,low
1.084283787506463,2.3191364393230187,1.8293452729527615,low
4.603675019766375,0.9409876236586076,1.7358644731712696,low
1.8656940002368352,0.6938628068111735,0.7306104410590115,low
0.002651133888347455,0.013492156806702169,0.008360854279696349,low
0.00014068864447751224,0.03740960991879188,2.7088580659519037,low
0.7372788436677776,0.624181963074945,0.5350343315248602,low
0.7509279020845997,1.4417873630250377,1.5091674766863286,low
2.5187431975865673,0.03460309863907806,0.18100845091731588,low
1.0069550225797508,0.6091980606339533,1.4845250699323702,low
4.008486503827017,0.04981972672265555,0.4363105149564235,low
0.6885112766066497,1.5312350847272358,1.48370152195598,low
1.399415895825488,0.09472631454703348,0.2707960603898139,low
0.586990346665998,0.1965520673772264,0.26028576569790074,low
0.2788029762653833,0.9507189765024997,2.464268126550357,low
0.2414547538959371,0.006084601322613847,0.03784822979536281,low
0.019037503112545182,0.881338700248104,0.8289897574931477,low
1.1439043027308724,0.42202979016981634,1.0033050228646148,low
1.413801608918944,1.1365834717522916,1.547509725820218,low
0.9949100287723747,0.3203529499040632,1.0439312707982638,low
1.8642042080620351,0.8007644924643945,0.6732516390770528,low
0.7374696451018178,0.20282646978903518,1.5629384016903567,low
0.9985221553772002,0.7296563304796473,1.203551795185583,low
3.368775516487432,0.0012401681177897446,0.09836566740132197,low
0.735982566826339,0.21846918668552898,0.6705191059446419,low
0.8721530351829685,1.2348013700933924,2.5683478801390947,low
0.8616036989209739,0.7162022582535681,2.4014262206227106,low
0.684379190871052,0.5279107327015304,2.794723835859316,low
0.002505418345913616,1.0720453586774261,0.307937096263852,low
0.023486592727314647,2.945776831920307,0.25742820525488264,low
0.022499965266013378,0.8040514763746275,0.12389229072114678,low
0.8310935617619264,1.796559096596385,2.311141629798277,low
0.7789035299194215,1.0666391386552823,1.3566032196750817,low
1.5043022351027722,0.5422271181172362,2.0871904721242927,low
0.8646671376591475,0.4505500443209865,1.3994796179870759,low
0.749635191479679,1.6764738060720072,1.8222670413559954,low
2.229394827068286,0.8787582604684746,1.2448032499412383,low
3.9793556359934077,1.2287044256373911,0.17741705368150334,low
0.3390871210798357,1.087097628359108,0.3655522715927826,low
0.6778458641902729,0.2060438031386819,1.2467121383458426,low
0.8020388389009496,0.4047370804653688,1.474398825147081,low
2.3902950563785414,2.5435734763497515,0.23311731095349625,low
2.7838996377467248e-06,1.411700079440339,0.22649685867463418,low
1.0168771225930313,0.10133580472031287,0.40730502833840476,low
0.5241352441516639,0.8885404153258232,2.417601981779383,low
1.6269875792812842,0.6356977816653082,2.014908627519182,low
2.228016215370391,2.011458020656955,1.997927271055762,low
1.7237481266543697,2.453421181988951,2.0926682109065955,low
0.5820605681810002,1.0474643646220343,0.8846412748506399,low
0.7643159290803319,0.0318632598179517,0.15617353427179698,low
0.8071327834821881,0.02892909206967552,0.40269642798343386,low
0.35439481819981317,0.8749782620464805,1.124458355758336,low
0.26442252610628464,0.13541957383139386,1.3240173635817944,low
0.011211277998160525,0.5899936311226911,0.3609819826140351,low
0.0001587890908356553,0.013220520567792809,0.0034479507062758125,low
0.5265994192376676,0.2011566254423945,0.50918954205842,low
1.3879143726472107,0.6438010444597579,1.33870765534405,low
2.230397645905404,1.6269875792812842,1.6105099642226213,low
0.7973795911634167,0.7173322998150904,1.8863426040587803,low
0.7490588942088863,0.9294051143997268,1.4300901466865656,low
0.3613690381349043,0.5627882339588937,0.2212830480494636,low
0.5590860282948786,1.2170665155448093,1.8395663790675427,low
0.05371896090783154,0.6166273184826533,0.1160234223186525,low
1.3470698567533521,0.8646671376591475,0.8595833115426188,low
0.8830180291339121,0.6578282080739807,2.152250558652911,low
0.032929145987534617,2.0717944323107584,0.13449823483431442,low
0.4778098428258517,0.019246152161985875,1.0921479218689476,low
2.164485516955344,1.0915784475523997,0.6675443885120861,low
0.9647426420999459,0.8597991781246823,0.7946324162548203,low
1.1428261457537225,0.9790011070521715,1.1591712738612852,low
0.2380420488309731,0.7296563304796473,0.5514196791661317,low
1.1411284583728092,1.2938390798574624,1.060411600944715,low
4.6031381940755915,0.025913989684524467,1.1249454335620646,low
0.25494548405867606,0.9125433801679695,0.30841901852347475,low
0.01153216527155076,1.0501782409161264,0.4878168585354945,low
1.3034006459869258,1.0287285251105733,1.4997009038570577,low
0.8470102517734024,0.8749782620464805,1.7007943217887984,low
0.0005176486373552036,0.07326061626720728,0.011557496400900605,low
0.6462409585477425,1.1874734942617526,3.0108109060725456,low
1.4121550687973068,0.3911926400499502,0.3124279809570057,low
0.42027340654540896,0.793332248992646,0.9979471814272819,low
0.8396679677260285,0.8277014724242207,1.514067346689514,low
1.0701305192869408,0.07788092394115663,0.2957695001702454,low
0.6846855579298747,0.7327295919611239,0.5361178771242986,low
0.8470452359518141,0.3677671079800489,1.1487444375634215,low
0.9688088169791607,0.31207231051277673,1.1295211293188558,low
0.0004154739015011504,0.3918993210925739,0.08972415382878825,low
1.7110635389261395,0.06640959933733692,0.07061371874681013,low
1.004909156176611,0.8897459488359623,1.1022026596256551,low
1.1045311738335712,1.2991477180000819,1.0620652290897916,low
1.1695426247665606,2.262047893111186,1.5503310891828712,low
0.09132421905687751,0.6020859231006639,0.2886653675111137,low
0.7810644607640866,1.4417873630250377,2.5260984272112603,low
0.06901894934642847,0.4735385942538518,0.8132572054570555,low
1.7445828503705783,0.47837646269996065,1.829074050398396,low
0.2603715610938749,0.05721259360618111,2.470546893336266,low
1.354023263513479,0.004545674681848382,0.5005945971452413,low
0.3485051350701702,2.011146547930557,0.7176876204901095,low
0.7912797565047056,0.5055628984967968,2.5507382947551824,low
0.6008916104975365,1.386193073232586,2.197374667728983,low
2.1405030187792407,0.3727976230818993,0.9006939539804678,low
0.027091689000757244,0.10000042942314775,1.4208240494419937,low
0.027973079559194813,0.9260156450789371,0.36741297215113006,low
0.019246152161985875,0.9815252840062277,0.6170698296448078,low
0.3780959576024992,0.002651133888347455,0.053123623531700886,low
1.1581423357247114,0.21771061691847154,0.5774240915887935,low
3.9122210294650004,0.8462897449720019,2.397315464853794,low
0.03460309863907806,0.10362156068257773,0.037552156331524755,low
1.0666391386552823,0.006534854806423741,2.9475990334435953,low
0.017413421272577296,1.7237481266543697,4.605030422724424,low
1.122334127560939,1.2530002537429865e-07,0.16685750667710514,low
0.03451870117019867,0.9738061172243,2.230692940855192,low
0.7112391436627047,0.24359498002739366,4.624439370364092,low
0.7143663152550528,1.664438025580373,1.1088145405165761,low
2.3013051066656622,0.9317391729923891,1.2966025555963279,low
0.9846872606551379,2.0722913424556175,2.169942421471797,low
0.00733017125680494,0.6562130453056025,0.23760645768687516,low
0.7202746810055394,0.686708775908724,3.2276383816064858,low
0.31207231051277673,0.13851616299574965,0.13725083917471484,low
0.1275669829849597,0.8251741075867042,0.9414191696484522,low
1.369160248792788,1.0143289723625044,1.3290081226285264,low
3.289966617757031,0.1432923525649706,0.23533735019584068,low
0.7374696451018178,0.029573234231582642,0.6250041225691296,low
2.6432535265555823,1.1874734942617526,0.8706766572978921,low
0.5452678945568971,0.0029063459543477743,0.06809001450347832,low
0.039933517204679476,0.6662061177782771,2.3415401604742803,low
0.0015219114892737837,0.005517272186860388,1.3109627387054688,low
0.7810644607640866,0.5540445379347867,1.158048136470574,low
1.5610434220051004,1.20271282726919,1.9160252430942295,low
0.025572574950205148,0.11639699328574883,1.275857131090388,low
0.08173779040204047,0.8816419970427789,0.9706323430988333,low
0.6392856884217563,0.0013636440261586636,0.701523289892782,low
0.07423858294291802,1.3521647055321582,0.33600137306847744,low
0.8070046802799675,1.7148627713819975,0.4370597387413628,low
0.8969786505347582,2.3208737443165046,1.5855210199237362,low
0.8186585815033683,1.4000079091270947,1.3026029950272777,low
0.5449243695508266,0.003431380335289247,1.0546968257918792,low
0.00022710263622804502,1.1363016090951086,0.034077303032588456,low
0.6910041700571783,0.0018923864961818372,0.027366166641045117,low
1.7113079366709123,0.07290246350350993,0.09108240750588159,low
1.0341057765128494,0.01305050687484714,0.10707568450061469,low
0.4677295523562895,0.15422707232286947,1.0988353570480711,low
0.2815190020334732,0.46767522531120803,1.9481818032938827,low
0.6857772869862105,1.0501782409161264,0.7987565677110893,low
1.377218929027589,1.906242156533656,0.6206924342233728,low
0.7374696451018178,0.38879068238909087,1.0516326303568295,low
0.6185182669330453,0.008112747178114572,0.169259121919798,low
0.1830631289295512,0.02892909206967552,1.2563372796413204,low
0.40883104402558706,0.9091882424703662,1.613158513752163,low
0.8646671376591475,1.0427070393974482,1.4106077779023685,low
0.5236785292295778,0.07084105564605604,0.24521800685371836,low
1.1145586592674666,0.12090257628450639,1.2708265278718733,low
1.258468552354691,0.9402771742047057,0.8416581115511537,low
0.8440617235219693,0.7213224080915097,1.3758218402689244,low
1.180171232800019,0.4674056321580903,0.6896735225844189,low
1.9425993365502388,0.6166273184826533,0.2560674683602549,low
2.411747702123762,0.6069728904851868,0.7874950300336089,low
0.3333767585638878,1.3417251346529215,0.4160116159825148,low
0.8061699836602086,2.011458020656955,1.6376993236291355,low
0.5327886432082735,0.07532348356188087,1.486169394146053,low
0.022273638180499353,0.8071327834821881,0.2549864898540606,low
0.35055335025832457,0.012932169925778947,0.6566653791872619,low
0.9203062090275316,0.5264163934633835,1.7108069578137637,low
0.36607073344568675,1.7830664818671833,0.7525868771089571,low
0.39013376884969675,0.5214016556451753,0.9409903719101692,low
0.5875649412199837,0.2762373245887217,1.4511273156531979,low
0.5686791362778867,0.8181260415201682,0.9671565349442051,low
0.6069728904851868,0.5952219544012347,2.73194851038973,low
0.9061229428031852,1.7301024922392216,0.8730400015747116,low
0.6069728904851868,0.0035549982413357255,2.469752788823525,low
0.5623501514436859,2.7838996377467248e-06,0.2848051972359385,low
0.2604248495029502,1.722379291758269,1.2253341359156602,low
0.6728764037391841,0.4390389402741217,1.4129067532512118,low
1.2448363089247894,0.7247127521061998,1.779059948228185,low
0.11383762403711098,0.8983429649253408,1.9272462012546765,low
4.6032126498095485,1.0610250501549456,4.6099880298537,low
0.11442630173602597,1.2056507268277796,0.26698229923691785,low
0.990360904469331,0.16388644758967089,1.0478567117605124,low
1.9099925769271484,0.10703640189838236,0.3274310325240479,low
0.5697321432862138,0.5009738540353225,0.3570543563102024,low
0.6463440711455571,2.5941051737945795,0.3470157030582919,low
0.08814746035203214,0.6836030162481173,0.12474998889536373,low
0.0871702563844123,0.1682997995365948,0.041383458289179255,low
1.2056507268277796,0.7568955741171508,0.29269306683470875,low
0.006979087664622874,1.0548017619439498,2.1220667181587385,low
1.078700982003667,0.2762373245887217,0.37921311518881706,low
0.8621427234297282,0.9333597315175187,1.4747461070935401,low
0.2916489852135349,0.2224480835894996,1.9225875294978356,low
0.1769688936853372,1.8954533939020806,1.3836855752295874,low
0.10330705300121382,0.9164138321205122,0.8655508455908091,low
0.025572574950205148,1.0130449937374428,0.25994011431873204,low
0.9985221553772002,0.04284241001995828,0.5322003241892199,low
0.44962453983179107,0.049205505765443185,1.096184091557061,low
2.5481886979750974,6.926076304717541e-05,0.0618325294737552,low
0.31717092151499526,4.603675019766375,1.627589289942924,low
0.0582971455711092,0.39039545188258806,1.5056507147451952,low
1.0127603850808757,1.835220909165978e-05,2.5527266999089284,low
1.0660048470195431,0.990360904469331,1.6577071893612108,low
0.3776373173638041,1.2468419948169978,0.9872660994869479,low
1.7606084109946827,0.685246458363318,2.8553392443647057,low
2.2298211881539056,1.2912738991443304,1.3625584098755978,low
2.0862983253563323,0.9534996907489641,0.9603713626216235,low
0.957207504389966,1.0345588198430955,1.9597004928048503,low
0.24406907521936008,0.021298509007005514,1.3827040203088938,low
3.0084591345951153,0.6348706683985151,1.8700261102454256,low
0.6938628068111735,0.8040514763746275,0.6767745820213483,low
0.00012130422228453506,0.8310935617619264,0.32141197987950776,low
0.8011396983077135,1.2526291502106741,0.8716574219179013,low
1.2868423680527616,2.9240109990628707,1.0036701485684194,low
0.025913989684524467,0.060991722826777756,2.0685388297683516,low
0.6348706683985151,0.5832624041370824,1.6972950950643608,low
1.300721856153882,0.18664561410396632,1.0632707163803448,low
1.0203002394592466,1.0340714248302192,0.8214215493762376,low
0.8721672914749284,1.2987773389609871,2.6281950911426373,low
0.5244954017558916,0.7405708096177116,1.9669310444717854,low
0.4165741749115737,0.9164138321205122,1.6787854184697306,low
0.11775787363761925,0.8529833933054372,0.260711585697568,low
0.9031146711547474,0.4674056321580903,2.0246501265169767,low
0.7255250551496283,3.366866453398748,1.0501035729502248,low
0.9260156450789371,1.1428261457537225,1.7380354441082326,low
0.006886654408387003,2.9995456133898473,1.033531498073045,low
0.014972409163613863,1.2572101691673128,0.7876817298055238,low
0.6538621339033494,3.9143678432018794,1.6788837961264285,low
0.35101160106985413,0.01255384205475162,1.6389648156854024,low
0.8514124090975873,0.232090538574096,0.2713363274069482,low
2.238001263717792,2.730113777388387,2.495878241709999,low
1.9164561871640478,2.2794545180894716,2.823329626871117,low
0.9153266727276681,0.6217163935744182,1.2307817200316804,low
0.33675259572420546,0.5891654908746874,0.4894737218007224,low
0.624181963074945,0.5186642643332567,0.4613593530607828,low
2.2891760940268244,0.856439643684945,2.4295212553246057,low
0.0008821949540412116,0.9260156450789371,0.1959934388064695,low
2.8655498056106516,0.4165741749115737,0.4866656579708409,low
0.8830180291339121,0.9994862401384071,0.852585203567302,low
0.8146861566006394,1.491437970837699,1.6569862373148867,low
2.1707620486195225,3.9122210294650004,5.2934610553704475,low
2.258802194735306,0.4211501533200985,0.7151075915323734,low
1.4000079091270947,1.9197236357186391,1.664349599391242,low
0.0030659706093240213,0.0007941302215912735,1.5163849481186151,low
0.09480756765925166,1.1063167871713921,0.7086111170740651,low
0.6279153038324037,0.4657129807999026,3.1940234869626294,low
1.377218929027589,0.37949494806047374,2.6349776828154874,low
0.5197742081484652,1.4000079091270947,1.1781009596337717,low
0.039933517204679476,0.1963474196450176,1.5447487938903044,low
0.5055628984967968,2.5266450028495417,0.7425084627126811,low
1.1138702852298399,2.2298211881539056,1.474292071432166,low
0.17972194742524944,0.026764789219023193,2.9715233103389234,low
4.603351994203563,0.8854694381646335,1.034133386907543,low
1.6941570326604045,2.479652419389434,0.30451482817785247,low
0.017381734955055895,0.5268762681386265,0.13155954167675804,low
0.9654879461842931,1.3600342752731396,1.7424032636033804,low
0.052860234539304905,1.1447420872538276,0.22743727089576216,low
1.0869450137336014,1.2893053594368769,1.5889826973473657,low
0.057358430137382496,0.30824543245825686,1.4021481052027367,low
0.13872507516307844,0.0019474207949260747,2.3992381180462052,low
0.5821456337659943,0.5718459944819431,0.4503043494484585,low
0.979789467600304,0.939421389839607,5.298317366548536,low
0.039933517204679476,2.7048015674132477,0.6919586150851663,low
0.6151847848258865,0.07989570905211067,1.560115583184263,low
0.025968450628119807,0.6020859231006639,0.5675221184124062,low
0.9507189765024997,0.5292055055514961,1.7668146021111943,low
0.9204679947355479,1.876408181614899,1.467138818335829,low
1.0777416843245982,0.6538621339033494,0.5953610754644582,low
0.014671438867749704,2.5608996438201332,0.052610110617886896,low
1.3082905640910727,0.0009223104443759474,0.8011231545740478,low
1.111633651849118,0.7266785057141818,1.0038005928981688,low
0.23869280679095475,0.8390560784347744,0.6810956453801889,low
0.9482377395505115,0.5530773400629024,0.5202085728574045,low
0.31717092151499526,0.5920015742852547,0.6390122100041702,low
1.1815486455782531,0.08173779040204047,3.826236152544351,low
1.0427070393974482,0.004125165737104698,0.09645559815087004,low
0.007166664314481006,2.199410948982015,1.6739389881428048,low
0.5590860282948786,0.45646226814681795,4.312176237825854,low
1.087536631662597,0.38563688654803835,0.8202868506710926,low
0.18679947226926752,0.03329350634050908,0.08815504945461701,low
2.507880927057213,2.2298211881539056,2.4349842922385516,low
0.7251783078532167,0.07290246350350993,0.2527288999098233,low
0.06147663445191167,2.0063177381588475,0.42966143304385873,low
0.0026044424215143787,0.004157104726473784,0.0007180512895369559,low
0.5820605681810002,0.8010896878307949,2.690351449737075,low
0.9850309724114694,0.8816651821915644,1.2787341921588307,low
0.8885404153258232,0.85060733703564,1.1598868329842074,low
0.006084601322613847,0.9479220426921509,0.018016107408826216,low
0.013758341440435085,0.3736311838341992,1.7874399099397948,low
2.507198533783476,0.5158269249868409,1.5237527348915274,low
0.28811807037366277,0.0004189448160859477,1.874751765008066,low
0.8547448477767644,0.016348506067812973,0.19613645708530933,low
2.2298604942829034,0.8547448477767644,1.839810950285471,low
0.9031146711547474,0.26488867254583487,1.9399346855326334,low
0.9283455775185026,0.6577297037828731,0.40047377059649875,low
1.0716162318345845,0.9095080909668618,0.25203120860382716,low
0.5214016556451753,0.7856815605268654,0.644890159738554,low
2.3714612350678563,0.735982566826339,1.542130441117405,low
0.5937451514541312,0.17855446666092892,0.16080901434563558,low
0.9190695166640691,0.8476945719657633,0.7114574143590372,low
0.35614535406100606,1.9341990410008862,1.475496526067633,low
2.2298604942829034,0.39230251800636673,5.2431772421789935,low
0.23145162833798077,4.603888882597184,2.0420652713316434,low
1.0701305192869408,5.209600735936465e-05,0.23664580195670204,low
2.479652419389434,0.9949100287723747,3.1856431735272226,low
0.21729387707692494,2.589343057949609,1.891734200074439,low
0.05856857008078444,0.6530578393484254,0.40092057540278986,low
0.04628293814965616,1.6722126739517498,0.10628058824007733,low
0.118616282790685,0.16467780269859525,4.686467307753774,low
0.359652725202909,0.1374265069360718,2.1276563000515143,low
0.3368571941640497,0.1673622919070829,0.09966929528837756,low
0.05856857008078444,0.12321698887150115,1.7589598747899386,low
0.0892371637545473,1.1332834268456502,2.260489245342613,low
0.2805682987472264,0.3898161935572943,0.8212161271492019,low
0.8262319479075744,0.8713717161629745,1.1187868869181115,low
1.71551168618924,0.696105848215463,1.0992223795398293,low
1.0193656039289205,0.7046581508923191,1.2542415205512798,low
0.881338700248104,0.022499965266013378,0.09163225550692308,low
1.564523490732437,1.7148627713819975,1.5257071643529678,low
1.906242156533656,0.9255156653378865,1.385444850633254,low
1.692184798681887,0.004806956652283756,0.14326700748242502,low
1.3699340003024054,0.18306039676810648,0.5513422595806692,low
0.009102407290781624,0.8692204710057664,0.7295539156466176,low
0.5091382475068319,0.013758341440435085,0.0846319055592678,low
0.918471482864617,0.8047125266218006,0.5108117444783754,low
1.098258356800558,0.8614759335194738,1.0804893511943674,low
0.436718348851935,0.04365538044607952,2.0023939233435986,low
1.2358052941213453,1.2561368861165514,1.8804723096257712,low
0.026261750257715395,0.2702899345222538,0.7050284181458712,low
1.0069550225797508,0.42027340654540896,3.9365221649561453,low
2.5817669533562704,0.09495928474705753,0.6313555904084821,low
0.5327886432082735,0.9203062090275316,1.5060245149140854,low
3.289966617757031,1.448472254385276,2.2586184609419497,low
0.20194897535795278,0.9398538715248936,1.0894209260591368,low
1.2146521031885007,0.5758890442761707,0.5581846206000791,low
0.03164237047087868,0.9647426420999459,2.5700676352096714,low
8.633147975595806e-05,1.060674546551163,0.7995307178986714,low
0.7389920102801368,0.23271103309557245,4.018864415445316,low
0.9994862401384071,0.9985468701150982,1.4153863344332012,low
0.8511103330457412,0.6674761815585525,1.066481914505653,low
0.89755554730608,0.7745302736266899,0.8253465975050213,low
1.598658347521627,0.17853737852708865,1.0177340096378733,low
0.6674761815585525,2.7426810476092025,1.5898516505851654,low
1.1447420872538276,0.7453500595698072,2.063908904606689,low
0.758472048030385,0.0030105825737129967,1.200273240755533,low
0.017760652355265923,0.8507342618100292,0.42098201738968355,low
0.2380420488309731,0.11629027340215653,0.1623424825595587,low
0.44369920841510435,2.2619905395465594,2.7741315087853167,low
0.5327886432082735,0.5387948032664864,4.53750717477355,low
1.7502684434017368,0.8378567113942933,1.2834181176925166,low
4.60294518579968,0.14089306338691293,1.5821572328942275,low
0.09640493088797493,0.766618845462008,2.793572414931978,low
1.1983095216692017,0.6317806318315592,1.4804685635182901,low
0.36485919205440437,1.1910500957622292,0.27365030335713925,low
1.2287044256373911,1.2043467736728257,1.5851792575159755,low
0.003431380335289247,0.28485043703620117,1.1284552418127538,low
0.0072544980764952405,0.07359515572456174,0.010568146593629382,low
1.0816490015118148,0.10184722954466612,0.265835722840055,low
1.2675603876882071,1.325563812212677,1.868121408451543,low
1.1332255241151854,0.5079132099407598,0.6703172267697343,low
1.4863402207918799,1.1410134409011112,1.9000967342489548,low
0.8239371369088908,0.03196877128921705,0.17070786911378122,low
0.24305360369074147,0.0165360241628684,0.03563451655527393,low
1.8663644808062867,0.009151706055627167,1.805303315190223,low
0.9508266547153766,1.1050660227300038,0.9790546143642896,low
0.8934472974410891,0.054189044015838635,0.29554137890537435,low
0.6530105506759972,0.006284005925481355,1.2143477292160472,low
0.968278288014061,0.5072418991446418,0.1477263343394395,low
0.17757659004939838,0.10390129596375745,1.670315743585333,low
0.0005176486373552036,0.5831319764748099,0.1416377123166858,low
0.21729387707692494,2.5435734763497515,1.647906818510668,low
0.09640493088797493,2.8797045183395547,0.39039318967419834,low
0.24259330336605583,0.6091980606339533,1.974763534306701,low
1.1330097392427192,0.8991728971867501,1.7938670186213808,low
0.06654475158220916,0.06452502912034115,0.07830944631136223,low
0.6027159560735706,0.9555604358647137,0.6156366234640661,low
0.27497951178959384,0.4165741749115737,1.1324753558616236,low
2.507198533783476,0.09964478505580564,2.069381856060291,low
0.7791742696786688,0.828188937936216,1.8067688775155881,low
0.7789900281729711,1.4821944277114787,0.7032842134981954,low
0.10133580472031287,1.452549317968829,0.8913661499861223,low
0.7045656675799783,0.12639386364630353,1.046320772764392,low
1.876408181614899,0.038299685614620486,0.3027755649295058,low
2.0285714878763397,0.7173322998150904,1.4656097362039873,low
1.1081857823561825,0.24995188550944702,1.1385933261000962,low
0.027091689000757244,0.7952368240150689,0.11588907887056674,low
0.8378567113942933,1.6096735596242668,0.36159603424470155,low
0.7373902288179549,0.10970840250502789,1.8156363036190515,low
0.5264163934633835,0.8086667453338091,1.0033453860678307,low
0.8245803366006164,0.9848513643877826,2.3482303394029236,low
2.466215656219921,0.5265143550994906,0.9668186272662537,low
0.18160807512801838,1.8334693943385696,0.13760208554819514,low
1.5610434220051004,0.3554208547386335,1.1530623346899072,low
2.1961618666446467,0.4442866267073625,0.493962667221628,low
0.0005554436357806678,0.9073789116849944,0.09566996394713677,low
0.0005554436357806678,1.0548017619439498,0.07248188768685644,low
0.3539751510522535,1.71551168618924,1.6230097697840662,low
0.61716209658302,0.6166273184826533,0.5873414848969633,low
0.05133485340283518,3.4026801998942444,1.8475588920273112,low
0.7453500595698072,0.0018923864961818372,0.3431857914491458,low
1.7823750237567877,1.0203282126855617,1.4627488156499124,low
0.5144089013900521,0.010828251335130707,1.406221442806879,low
0.13541957383139386,0.0023128062887471435,0.026769434898316673,low
0.0010155044948542407,2.0374943917717254,0.12678903078595252,low
0.6382002413775085,0.734970341184571,1.8548780135789102,low
0.033539072244473694,0.027091689000757244,0.046541523835737245,low
0.4903705166631685,0.21957681405927645,1.477564485424183,low
0.3807817647400353,0.05128236329861712,0.4116309487255817,low
0.1368777738406797,1.1591616375036635,0.6081743796713213,low
0.009058008600368966,1.1093376708985192,0.12720568077060437,low
0.003265189029712139,0.37948699466022184,0.16226134582079965,low
0.6884267892900187,3.5439034714196613,4.617038882299027,low
0.4818808232288948,0.6906526389787949,0.220380662839901,low
0.801729827479485,0.9714739595484128,4.439398737643291,low
0.6204596470807286,0.03772909256587111,0.28047532289593663,low
1.7178865741881233,1.7178865741881233,1.4333456158425952,low
0.004809977839412397,1.0654382267096596,1.10593721293133,low
0.39585256653992085,0.3552687941087628,0.18533497779896174,low
0.5235860068559169,0.02596741724436741,0.33405165546518817,low
0.36607073344568675,1.2846290913867406,1.2002603712639834,low
0.3454739259669745,0.22673460273070328,1.9184734386587865,low
0.1102033342832408,0.37948699466022184,4.562935385613169,low
0.09306600105071786,0.0703134882834867,0.049512591636203356,low
0.3554208547386335,1.078700982003667,1.030867333148346,low
0.8042783518601806,1.5901527557306883,1.0057143888297873,low
0.7973795911634167,1.060674546551163,1.2932261233920406,low
0.5627882339588937,0.40187686209964424,0.4480672291482146,low
0.7213224080915097,0.2947713576979304,1.3294682210869402,low
3.368775516487432,0.006046799389619644,0.17383965973711685,low
1.7153522092430091,1.3567733919129026,1.5285100474421873,low
0.06859471662578608,0.5028811203123216,0.17918967818499507,low
0.0013636440261586636,1.184884196232315,0.13140010087924367,low
2.8021429744362027,1.9280641951651345,2.650977929987813,low
0.7897182526736652,1.325563812212677,0.7516331696675883,low
0.6784358348249826,1.5220329846372471,5.294080967348479,low
4.008486503827017,0.09472631454703348,0.459226538853018,low
0.20807712671626258,0.9037843916543689,0.6634400532131848,low
1.1910500957622292,0.6120702557407691,0.5836239688607434,low
0.4777255830836093,0.21729387707692494,1.844462107266964,low
1.1987559055147268,0.7148313633148318,1.0686157127519198,low
0.18897205121200575,0.09590412031609462,2.9095668795860727,low
1.411700079440339,0.660452777010389,1.5550154110727106,low
0.5899487846374836,0.006534854806423741,0.7896993311401863,low
1.2895222306150214,0.23768240461279752,2.5476920460811976,low
0.7082125552951343,0.3559099480990983,0.6163530660122671,low
0.6857772869862105,0.4647108687549361,1.5371594440359946,low
0.13308345246470166,0.8981772771063408,0.6718085837629354,low
0.035088628026706356,0.4981182595277581,0.04963793743958563,low
0.15317804683206857,0.5144089013900521,0.2536009283250604,low
1.0204940762011951,1.2468419948169978,1.4486152385715738,low
0.15422707232286947,0.0244980275408111,0.04853540622201605,low
0.1604350135520373,0.13273969638185965,4.516287766050585,low
0.5728365292386252,0.6728764037391841,0.7075225459673148,low
0.005937817931779161,0.8954366075208331,0.21373052484851876,low
0.9746891184950041,0.18678108349601644,2.0547812111072408,low
0.4340546115854992,1.0168771225930313,1.9691146494295726,low
0.5091382475068319,1.1570154597058562,1.3468062360160484,low
0.80509380598277,0.5926062746076224,0.6874332071835993,low
0.8914811158132607,0.0007706321598542834,0.04237513820583899,low
2.2298211881539056,0.7552655122818142,0.9930893239620253,low
1.6565851921170123,0.2693123417369722,0.3351631033508113,low
0.3613690381349043,0.6728764037391841,0.5373155760027628,low
0.9738061172243,0.04942238455779949,1.3957914739365969,low
0.7198131648127364,0.0044529460035359035,1.6816181336332026,low
1.386318078916554,0.9667231249030673,1.4264252040330652,low
3.368775516487432,0.05928874707934486,0.7419751237569733,low
2.6493231093842695,1.1694219307991416,2.749626045246146,low
3.9122210294650004,1.8164624159873326,4.585126164111984,low
0.5952219544012347,1.060058392624481,1.0526259259976662,low
1.2971645122883462,0.24178405540834746,0.34080961104138496,low
0.8900011532465869,0.5905778998259151,1.5092327961082888,low
0.7295291485103972,0.12193804577158207,0.33290163395207145,low
0.45170610451048465,0.011096134124687938,0.05452704090961559,low
1.3567698377118265,0.1673622919070829,3.5829476001682665,low
1.8694274576342746,0.7113587538956552,0.38888740148784806,low
1.0297083582468824,0.3948444214481153,1.8651368600525375,low
3.9122210294650004,0.7952368240150689,2.772567273452766,low
0.6382002413775085,0.7775044451936916,1.6213285107729944,low
2.473167714329205,1.2312049276089043,0.7493842872777984,low
0.6756677090636094,1.5730014053164254,1.6926300614724636,low
0.0245218295259465,2.4343706395693245,0.9388750403370184,low
0.7838644721854441,0.7353513791832857,1.1823180008760412,low
0.15266544429865594,0.9790011070521715,1.5044274481486195,low
0.6778884205290461,0.049205505765443185,0.4715240272851269,low
0.6662633757601663,0.4340546115854992,2.5897445660094127,low
1.8334693943385696,2.9995456133898473,1.1429363320046535,low
0.9823183900518697,0.2830813957043377,0.8419371617313327,low
3.947986491243276,0.4867633135747304,0.9229991679990662,low
0.11773003937342084,0.10184722954466612,1.5900342585608584,low
0.1333290469407134,0.9890284513172641,0.27477343875423277,low
0.8291092444451098,0.3559099480990983,0.5758963450296635,low
0.5697321432862138,0.04356621585659583,0.10791640095304057,low
0.01863036279540397,2.0374943917717254,0.15503653156435312,low
0.2814171595579316,2.2103431051893243,0.9952394335576148,low
1.8073581281119955,1.0765110680486936,0.7808822162814181,low
0.9616071369162179,0.965938126548577,1.7484975517511907,low
1.3175301984233079,0.13618533316771445,0.12463513749108421,low
0.411378810664308,0.6574915075233331,0.17694659660567344,low
0.032929145987534617,0.9525635433095816,0.25070436356058173,low
1.0469261411637714,2.492197026422778,1.6513718222727976,low
0.18686861748322717,0.5186642643332567,0.36169252759555237,low
0.013434845173181498,0.3636533436436195,0.20190574702382535,low
1.066844160817997,0.3714484303976064,0.6228351056406761,low
1.2893053594368769,1.0501782409161264,1.638400069507551,low
0.02438489401388638,1.0264424880659742,0.6696214886401646,low
2.7616912888087484,0.318030227143031,0.6206924567964528,low
0.8854694381646335,0.5046549832756102,1.9245783610370117,low
1.283272020423091,0.8385487982541587,1.8911083343207422,low
1.1680600503011782,0.03451870117019867,1.89882087671729,low
0.5583215466053997,0.11773003937342084,2.006745773358219,low
0.2680894700245069,1.4863402207918799,0.5968722111472404,low
1.975393010935206,0.47837646269996065,2.5479752975360395,low
0.4144717170140301,0.5155670316563792,0.1349786672840464,low
1.377267415610316,0.0575864878594074,0.2586746086047275,low
0.5879135080610475,1.4644350788843128,1.3995271906810023,low
1.0345588198430955,0.9910180532038466,0.45685662763568574,low
1.796559096596385,0.018289199052407234,0.8041577712885547,low
2.332534178428004,0.2862666364907365,1.968156662863106,low
0.42417002882203697,0.579918185965592,1.9290934900509211,low
0.3780959576024992,0.9404454195756855,0.548283596235577,low
3.9122210294650004,2.898412395107375,0.6724371581591061,low
0.009058008600368966,1.334954657386428,0.07781008908445557,low
0.7709672830733727,1.6859618757877017,1.3209160605222934,low
0.829190312138729,1.2846290913867406,1.4953625610394374,low
0.7745302736266899,1.564523490732437,1.1704158154388964,low
1.1325596951295018,2.011458020656955,1.9724314538304548,low
0.7523293480465267,1.461177205788977,3.4794916272046152,low
0.0010008517386397037,0.1114954344565095,0.020912210435058226,low
0.8531687023663264,0.26442252610628464,0.8291359119373598,low
0.9465311157868428,2.492197026422778,0.9719853978266468,low
0.915297589172269,1.021155262736673,1.6558244281825762,low
0.07206085759571754,0.3003847144690885,2.6581622062353074,low
0.48388514412088796,0.06128527227443829,0.36954231845199054,low
0.6778884205290461,0.013492156806702169,0.4598342857027222,low
0.8020388389009496,0.005652399150638842,1.4556696396862452,low
0.04351964960395643,1.2056507268277796,1.1850474920960365,low
0.35439481819981317,0.09480756765925166,0.8884063662105828,low
0.4801423416626369,0.012884811923415014,0.4794009014427125,low
2.7838996377467248e-06,0.650063668629353,0.023675062983865437,low
2.257443038536902,0.23768240461279752,0.9894216304445334,low
2.594278986050199,0.285958777958286,1.895650213314549,low
0.35769130517705533,0.7850458073899175,1.4354596522091907,low
0.11461083298063202,0.7045605389477022,2.898729787702022,low
0.5686791362778867,0.012884811923415014,2.531128313219684,low
0.8969786505347582,1.0203002394592466,1.455871836855103,low
1.0125809401583035,0.8238829936659157,1.6377701790911545,low
0.02745966006292825,0.6562130453056025,1.8795250016944056,low
0.028453531868711558,1.6915499998347747,0.11219455619339974,low
1.8164624159873326,1.0015250085552732,1.6802181218106114,low
0.30835324218398763,1.6660825701512834,0.46938072977473666,low
