phi,abs_phi_eps,best_r
0.0400200124046885,0.030020012404688497,0.8175126613762177
-0.09263736712251541,0.08263736712251542,0.21741126112857181
-0.046793573369342645,0.03679357336934264,0.3929669044430066
0.03579513183180716,0.025795131831807157,0.0554378391571589
0.08955067081207935,0.07955067081207935,0.38988873173688965
-0.010878202229093026,0.0008782022290930256,1.7571314427067808
-0.08108118369807621,0.07108118369807621,1.5693078059975627
-0.014571551461604437,0.004571551461604437,0.017393254337668838
-0.08667500997473626,0.07667500997473627,1.2296925947794919
0.026774014771867916,0.016774014771867914,0.17539303474552553
0.031320329495792665,0.021320329495792663,0.36232044782196704
-0.07164643135242743,0.06164643135242743,0.717992244976922
0.0012384743248818886,0.008761525675118112,0.8186195563433638
-0.0770914083766141,0.0670914083766141,1.3479504728410223
-0.005046669047921892,0.004953330952078108,0.035039978380971185
-0.06980272768272328,0.059802727682723274,0.17758865524778597
0.045073558237241906,0.035073558237241904,1.168988310944774
-0.07753462678399403,0.06753462678399404,0.4767276184828655
-0.08936199791517824,0.07936199791517824,0.2205188940282797
-0.03580465446010811,0.025804654460108108,0.42911732332992986
-0.05441660288475597,0.04441660288475597,0.8311511596695208
-0.00249756912187421,0.00750243087812579,0.005590415826021597
0.020290647049313604,0.010290647049313604,0.5032646988992723
0.03014150056560211,0.020141500565602106,0.014245344160471738
0.004608664980366717,0.005391335019633283,0.02486574155422894
-0.035835891270773135,0.025835891270773133,0.03564459840266913
0.05355401497834478,0.043554014978344775,0.14406234044542723
-0.04440764271672609,0.03440764271672609,0.9620111002945729
0.03749178637551803,0.02749178637551803,1.1135348577934772
-0.018394286113474878,0.008394286113474878,1.5600141396066243
-0.01841833098731177,0.00841833098731177,1.01788054677625
-0.0121897187438616,0.0021897187438615993,0.8643231313974595
-0.08209342276598985,0.07209342276598986,1.2892307614369911
0.1229486321843623,0.11294863218436231,0.26993752701268237
-0.07316488820741385,0.06316488820741385,1.6039632845623928
0.033516861777775686,0.023516861777775684,0.025962841234896814
0.006964582587490886,0.003035417412509114,0.0008136422817038169
0.1032362220505838,0.09323622205058381,2.1306480922331383
-0.0023713333855958085,0.007628666614404192,1.2430951119753797
0.033304617531017044,0.023304617531017043,0.06749077163246461
0.027351895190320108,0.017351895190320106,0.015052720139006366
0.09100529687641545,0.08100529687641546,0.715483179767944
-0.010812206917139522,0.0008122069171395217,1.4024176328760256
-0.03719116366347275,0.027191163663472746,1.6331827723155314
0.008324074622579114,0.0016759253774208862,0.00028295665759264424
-0.022488889475731244,0.012488889475731244,1.7953926301034888
-0.00721993065717913,0.0027800693428208702,0.04859286483081159
-0.0025485227576150793,0.007451477242384921,0.0808512594874839
-0.024015047129492928,0.014015047129492928,0.0037505954550319915
-0.04891101971890449,0.03891101971890449,0.7969683731527596
0.0022975370508509507,0.0077024629491490495,0.9923493233822797
-0.03218896746529287,0.02218896746529287,0.41868233930140825
-0.09229300095543264,0.08229300095543264,1.2651397752060773
-0.0031147764518533183,0.006885223548146682,0.0073622120600896224
0.05390161925749992,0.04390161925749992,1.255836695705176
0.15307124984463266,0.14307124984463265,0.6731984797593051
-0.012651958493877569,0.0026519584938775684,0.22246559083052092
0.04645188596544919,0.03645188596544919,0.025083496847523246
-0.045257704011769984,0.03525770401176998,0.481727771172121
-0.0788154037819574,0.0688154037819574,1.2371677151857776
0.03248811917078509,0.02248811917078509,1.802256395031512
0.047294725113076586,0.037294725113076584,1.4896064896510746
-0.06454550815343985,0.054545508153439844,0.7260310410157632
0.001075853351705125,0.008924146648294875,0.011313161801169636
0.013054235826641114,0.003054235826641114,0.7257558248993158
-0.01659930778361507,0.006599307783615069,0.0033850164917762693
0.03068889509591699,0.02068889509591699,1.7106138011441487
-0.06393997377404981,0.053939973774049806,1.0596040475811699
0.024738840339537882,0.014738840339537882,0.5511798988896641
-0.07271871044480938,0.06271871044480938,0.6781003239373582
0.09173847525494994,0.08173847525494994,1.196136098710132
0.03914061127387608,0.02914061127387608,0.04702608270192979
-0.06533970867087674,0.05533970867087674,2.7446820304153805
0.019845412447354882,0.009845412447354882,1.057749370389302
-0.05191752705780994,0.04191752705780994,0.054885119934256016
8.39122148024174e-05,0.009916087785197583,0.7071976631702652
-0.04309216370404301,0.033092163704043005,0.08333360323549124
-0.010400746119130999,0.0004007461191309989,0.0008505560461815088
0.065577842089792,0.055577842089792,1.408097530399421
-0.06791710943412055,0.057917109434120546,1.2685158960221132
0.02200265192837647,0.01200265192837647,1.5147107931638164
0.020152908815049886,0.010152908815049886,0.37919507085422816
-0.13017883448731443,0.12017883448731444,1.1508172812243957
-0.013535377211013222,0.003535377211013222,0.6138999683220825
0.09347316105180725,0.08347316105180726,0.726835399686255
0.07497079438223869,0.0649707943822387,1.0091972041589568
0.04244587597253968,0.03244587597253968,0.8816748972942244
-0.041809214700004926,0.031809214700004924,0.31557274720417394
0.0022850798454820964,0.007714920154517904,0.5904993912943862
-0.05598780143627696,0.04598780143627696,1.642206672228511
-0.07293301113614592,0.06293301113614592,1.4613235006258956
0.07219841355052192,0.06219841355052192,0.7310592455679275
-0.022314911992549147,0.012314911992549147,0.022958440841858798
0.022383279856507676,0.012383279856507676,1.4866363557104205
-0.007721199184140437,0.002278800815859563,0.0026269856593649226
-0.09839659850111132,0.08839659850111133,1.5349418898515494
0.025699172657890013,0.01569917265789001,2.39481779387965
-0.0626348620763637,0.052634862076363705,0.23082438044831072
-0.01082869363303074,0.0008286936330307391,0.0011483342302620622
-0.030061470865417383,0.02006147086541738,0.008007099905617139
0.14867704760797112,0.13867704760797112,0.8944711404287279
-0.0023911782522694214,0.007608821747730579,0.31258898090710235
-0.028855140932126877,0.018855140932126875,0.8358070565860994
0.0004753897290620812,0.009524610270937919,0.05897980152323178
0.04807748416335611,0.03807748416335611,1.3602615014726163
0.11505663406670752,0.10505663406670752,1.9380453022105666
-0.09445007774704595,0.08445007774704595,1.2565403302483105
-0.14362097167648458,0.13362097167648457,1.607378625243996
-0.0729900885819304,0.0629900885819304,0.8260450324516359
-0.026910115543417823,0.01691011554341782,0.02610535345658067
-0.01736249874313811,0.00736249874313811,0.4036060890941085
-0.04496198958244024,0.03496198958244024,1.228427152416927
-0.1100839386379831,0.10008393863798311,2.049651410495066
0.14307923256901334,0.13307923256901333,1.735349156037322
-0.06351157244788064,0.053511572447880636,0.10339783242769907
-0.011151205131345487,0.0011512051313454872,0.5613858410350087
-0.04521048012086892,0.03521048012086892,0.45788426415844086
-0.02191985690994569,0.01191985690994569,0.16044752321958963
0.05974074097358806,0.049740740973588056,1.021162874166619
-0.0738062845825097,0.06380628458250971,0.10076925188982204
0.010650120461643486,0.0006501204616434861,0.0005726584955676022
-0.010355813294689153,0.00035581329468915325,0.17044453803699755
-0.0021144688125562805,0.00788553118744372,0.014269391182192724
0.06026858256404194,0.05026858256404194,1.0770136937342283
0.05285517672676526,0.04285517672676526,1.068422007556517
-0.03998065916406307,0.02998065916406307,0.27875907901630487
-0.0811980992148853,0.0711980992148853,1.22459070184416
0.012227232930332232,0.0022272329303322323,0.00466700838608238
0.03321066233482406,0.023210662334824057,0.029722727485493202
0.07493987162802529,0.0649398716280253,1.5304673818734662
0.0029898731863424732,0.007010126813657527,0.03817521672180212
-0.09066299946694484,0.08066299946694484,1.2984749777271947
-0.06445163950280763,0.05445163950280763,1.039600481351072
-0.03804318275280616,0.028043182752806158,2.185604297280021
0.02124802509262269,0.01124802509262269,0.6841713897355599
0.04052412945414391,0.030524129454143907,0.3922465323294004
-0.07125915153119838,0.06125915153119838,0.09478837376488636
0.03618732382982576,0.026187323829825755,0.966090375142718
-0.020832594545564354,0.010832594545564353,0.9658982475855327
0.10646941006167604,0.09646941006167604,1.36704566703534
0.04969450395759123,0.03969450395759123,1.1911922742134378
0.037231675035190426,0.027231675035190424,0.026389667504737944
0.09238030707556394,0.08238030707556394,0.16610463719395446
-0.12396310003077565,0.11396310003077566,1.0983919674542377
0.12848813786400654,0.11848813786400654,1.5791570807412378
-0.03395486634884881,0.02395486634884881,0.02523594754346156
0.08787979773588667,0.07787979773588667,1.3209510729112075
-0.06965518568369788,0.05965518568369788,0.4038030516272879
-0.036853033243934075,0.026853033243934073,0.23291818107024173
0.0028205258236284614,0.007179474176371539,0.0035067383871803083
-0.008661161285172692,0.0013388387148273086,0.0006055023141684125
-0.08088313258079377,0.07088313258079378,0.459316247660925
-0.009491701276399422,0.0005082987236005778,3.227422496012659e-05
-0.0589056922512996,0.0489056922512996,1.0704118291762614
0.008171873314614442,0.0018281266853855584,0.01099238570170924
0.011060336951130623,0.0010603369511306224,0.0002153824836002212
-0.07483799896562959,0.0648379989656296,0.5014976398620808
-0.03364458464775438,0.02364458464775438,0.2610100580409953
0.09822926278221356,0.08822926278221356,0.24902763719860907
-0.022443463475553482,0.012443463475553482,0.21710721194190602
0.039190988673665994,0.029190988673665992,0.06606639553784854
-0.004048580336740937,0.0059514196632590635,0.7110409974858282
-0.059031772316577524,0.04903177231657752,0.7416601268271623
-0.023109182078840718,0.013109182078840717,0.7044118017424817
-0.05170405272216316,0.04170405272216316,0.3154385588500447
-0.11375196088290163,0.10375196088290163,1.627366213316106
-0.07266297627523044,0.06266297627523044,1.1270400816385753
0.00901543319557857,0.0009845668044214297,0.00015709212675756344
-0.009883531358609254,0.00011646864139074585,4.019770414359907e-07
0.04188708786379225,0.03188708786379225,1.4981679102715304
-0.029705499232225485,0.019705499232225483,0.028290681371756957
0.03234478031719512,0.02234478031719512,0.03412359530169787
0.051917609205310966,0.041917609205310964,0.289740904261548
-0.09827006040828834,0.08827006040828834,0.7752167826565827
-0.031590692788936614,0.021590692788936612,1.8034681781066895
0.021514475984301895,0.011514475984301895,0.6582038405949081
0.12165127493129607,0.11165127493129608,0.8007418948110029
-0.005320546390851,0.004679453609149,0.018316300447554355
0.08765265395546207,0.07765265395546207,2.0019949183860017
0.061876653080650545,0.051876653080650544,0.6485588326558913
0.06898488836559857,0.05898488836559857,1.3319028821973198
0.024516139285371663,0.014516139285371663,1.1725501854251612
0.015863794803047004,0.005863794803047004,1.2318121920059353
-0.19103333352014823,0.18103333352014822,0.8602633340352606
0.023511605952183712,0.013511605952183712,1.3660273517466914
0.06691222557262216,0.05691222557262216,0.09820747191233169
0.042514123588841435,0.03251412358884143,1.4587399537288246
-0.07362983059802475,0.06362983059802475,0.3311791945487984
0.0325083129793336,0.022508312979333596,1.0553452890432273
0.003516920571658144,0.006483079428341856,0.4626366809814948
-0.09040674182470443,0.08040674182470443,1.1440692075971017
0.051578673719380685,0.041578673719380684,1.479386752113751
0.03524268938117092,0.02524268938117092,1.7061790290651089
-0.07245033492490321,0.06245033492490321,0.6645816469089021
0.008150661638123224,0.0018493383618767758,0.14971185880346752
-0.09012392614503906,0.08012392614503906,0.6793472713162386
0.010868982690370177,0.0008689826903701767,0.00014266554683545438
0.12475589291340516,0.11475589291340517,0.9399405890310457
-0.0017654737423738465,0.008234526257626154,0.027468918376851094
0.14429361168149235,0.13429361168149234,2.048879985550573
0.022987654584064265,0.012987654584064265,0.014166797220251166
-0.0038747385360420883,0.006125261463957912,0.0021673362489546895
-0.025571952747618587,0.015571952747618587,1.0478768688344473
0.12701058951723937,0.11701058951723937,1.857668019711979
-0.08167765779060765,0.07167765779060765,0.49092819886989597
-0.050287905735170946,0.040287905735170944,1.5972304690751578
-0.057185668701315806,0.047185668701315804,0.11773873862619048
0.1764191188641615,0.1664191188641615,1.9835796181811085
0.03765961594133049,0.02765961594133049,0.4003934423983992
-0.14139617295379353,0.13139617295379352,0.23387152929064223
0.0801082224531901,0.07010822245319011,1.1169122110374239
-0.0425526084132033,0.032552608413203295,0.5286775193613478
0.0008945824093307131,0.009105417590669287,0.009867919820289945
0.13228331431039442,0.12228331431039442,1.4465165510164024
0.03442484139475943,0.02442484139475943,0.4909760371787674
-0.02966211670228014,0.019662116702280137,1.1098459543834331
0.10160067303878645,0.09160067303878645,1.503516624814104
-0.031140348593498512,0.02114034859349851,0.045442515582106394
0.01713630291592022,0.0071363029159202205,0.007706888219969255
0.017375800107512496,0.0073758001075124955,0.40034824549757736
-0.00734985007854394,0.00265014992145606,0.026819931427152034
0.04453561209022083,0.03453561209022083,0.07014934368678784
0.0032655933689562655,0.006734406631043735,0.008255469952105654
-0.052731646436922186,0.042731646436922184,0.8351240048773008
0.06521658701950261,0.05521658701950261,0.7036368189926862
-0.08492723679184244,0.07492723679184245,0.2510815267403409
-0.07325920308021588,0.06325920308021589,0.2138027047034129
0.005229648981735724,0.004770351018264276,0.007565955448696673
-0.05348984455487449,0.043489844554874486,0.41370209496606797
0.010999981001308945,0.0009999810013089448,0.0004935137997032188
-0.001321168929879768,0.008678831070120232,0.0069970418318407125
-0.08640086922532447,0.07640086922532448,1.949233918555716
-0.1489573907543587,0.1389573907543587,1.2898830703819095
0.005999740208348259,0.0040002597916517415,0.06163153273257132
0.029260286219118914,0.019260286219118912,1.035446325970361
-0.005208263611821751,0.0047917363881782495,0.0026191369338451286
0.007761065604463546,0.002238934395536454,0.014744644933209546
0.014822313157959455,0.0048223131579594545,0.9357933897888926
-0.03018699341736819,0.02018699341736819,0.007302175375202384
-0.01742420522467053,0.00742420522467053,1.5756886612386598
0.10597657504982855,0.09597657504982855,1.358696936801843
-0.024259900653311517,0.014259900653311517,0.20502441058206167
-0.03803179882766694,0.02803179882766694,1.1588515172494194
-0.07979533207849365,0.06979533207849366,1.3712181956026637
-0.041392129546659606,0.031392129546659604,1.0486872595861976
-0.050187514573122205,0.0401875145731222,1.0175284621313654
-0.05049676899593514,0.040496768995935135,0.052057513885361895
-0.06384577819655513,0.05384577819655512,0.43572904968354037
0.024645137235083103,0.014645137235083103,0.008872552689505441
0.02012742639246934,0.010127426392469338,1.5164027242883267
-0.00847379000727666,0.0015262099927233399,0.00042499108235709293
-0.038156211850204125,0.028156211850204123,1.1301707826529168
0.09644394521596922,0.08644394521596922,1.4102113214020897
-0.03516945730948662,0.025169457309486616,0.027243065951009192
-0.009247827942139297,0.0007521720578607029,0.00022993571129225384
-0.03766162186437738,0.02766162186437738,0.09171583728985234
-0.013720543889186088,0.0037205438891860874,0.003976098036405887
0.024596099237185087,0.014596099237185087,0.5433239929734563
-0.029543104280160215,0.019543104280160213,0.0036938101073151343
-0.025642306033280216,0.015642306033280214,0.2922008319515232
-0.007787187648789051,0.002212812351210949,0.0009604043309024468
0.06726626320326418,0.057266263203264174,0.09112045405280213
-0.0402114760505794,0.030211476050579396,1.2800352561704482
-0.07915731127845071,0.06915731127845072,0.8451576019281107
-0.0054991182117949955,0.004500881788205005,0.4275193365730143
0.0033293953226684048,0.0066706046773315954,0.06577266974131994
0.020047259827647934,0.010047259827647934,0.61380528925927
0.06058841862491077,0.050588418624910765,0.13127014140506568
0.02419842881487072,0.01419842881487072,0.6274512808798028
0.018034423317343284,0.008034423317343284,0.024326383610582578
-0.0830833703321392,0.0730833703321392,0.9998282062502233
0.0030606003887834188,0.006939399611216581,0.19180639979320144
-0.008284758546774684,0.001715241453225316,0.7953877470581291
-0.006153213557416326,0.003846786442583674,0.04198008430065001
0.10932984002290097,0.09932984002290098,1.251327298788645
0.11206724632471177,0.10206724632471177,0.9091956148346536
0.02967452280189964,0.019674522801899637,0.7652292281248979
0.06619174022475305,0.056191740224753046,0.42982817154488034
-0.01058145284195361,0.0005814528419536089,0.7532554101034483
0.0027186717073338085,0.007281328292666192,0.010625567589047386
0.008030632173884666,0.0019693678261153338,0.0021943454479405227
-0.015116912899186485,0.005116912899186485,0.39481536215330054
-0.039025819017165286,0.029025819017165284,0.5057831253010611
-0.019464344264967237,0.009464344264967237,0.006930851779703325
-0.0067171682742839245,0.0032828317257160757,0.057937860559803565
-0.05119060174461143,0.04119060174461143,0.6544119213921025
-0.0394509134459321,0.0294509134459321,0.34886747139610824
0.008171198447575023,0.001828801552424977,0.0005203388687912016
0.1838524158357207,0.1738524158357207,1.0115108991233768
0.10403001719941612,0.09403001719941613,1.1900957408445474
0.06554290469079732,0.05554290469079732,0.1960656482178881
-0.038955341146177935,0.028955341146177933,1.5914215983008553
-0.12717172087001632,0.11717172087001633,1.1169391301403477
0.00951223051647454,0.00048776948352546,0.00025587716800124524
-0.05313484441726307,0.04313484441726307,0.45151808194521564
-0.06713014742869655,0.05713014742869655,1.271829376516574
0.06961933008181687,0.059619330081816864,2.33763244033735
-0.07248563555564702,0.06248563555564702,0.5063099432241486
0.020211260357439864,0.010211260357439864,0.20314880973615979
-0.04390510145407084,0.033905101454070836,0.525044698000126
-0.10646301542653075,0.09646301542653075,0.12718139368427447
-0.05416763731373747,0.04416763731373747,0.5637142638147287
0.05786583737676493,0.047865837376764926,0.41338852559467604
0.00024217272728604966,0.00975782727271395,0.048973507621813746
0.15907136906291947,0.14907136906291946,0.908898935164434
-0.05930196228016538,0.049301962280165375,2.123071809162854
-0.10782175139634098,0.09782175139634099,0.8720068444176695
-0.007581034828681832,0.0024189651713181683,0.04174438020165721
0.013530936515133318,0.003530936515133318,0.20843368810522186
0.08394901511580222,0.07394901511580222,0.38621327473799255
-0.0014543317296280556,0.008545668270371945,0.028479198835788765
0.011873222774487102,0.001873222774487102,9.609856234956267e-05
0.03587864333761637,0.025878643337616365,0.030714128786987337
-0.0010038597198217536,0.008996140280178247,0.003778481946175178
0.01937387808193719,0.00937387808193719,0.0051497596323821825
-0.07530192215842585,0.06530192215842585,1.1781892854089855
-0.03621539727813905,0.026215397278139048,0.02664680497482148
-0.11545331816405713,0.10545331816405713,1.1074445360688718
-4.073536857041038e-05,0.00995926463142959,0.38449937140699353
0.005226365033154656,0.004773634966845344,0.04721814526172481
-0.09431239332278396,0.08431239332278397,0.12257691910230005
-0.03311269253288296,0.023112692532882957,2.2388144181320713
0.046247392411778776,0.036247392411778774,1.0611039070522956
-0.041210249600280746,0.031210249600280744,1.191881933784405
0.03447902544688142,0.024479025446881415,1.4662692608381502
-0.014476192442894498,0.0044761924428944975,0.0028097134143300977
-0.03141541665276987,0.021415416652769866,0.23173367332490613
0.050893100269727376,0.040893100269727374,0.6263436343415296
-0.033775342678512454,0.023775342678512452,0.42912446579305835
0.05535442690009862,0.04535442690009862,0.8408280618013368
-0.015184476889446463,0.005184476889446463,0.0011432463775075915
0.004117043751619254,0.0058829562483807465,0.007469972774951623
0.039548238428911864,0.029548238428911862,0.05003925225168761
0.05112582601955512,0.04112582601955512,0.02860608911131739
0.04416581334536268,0.03416581334536268,1.119167209061723
-0.01766188596524554,0.007661885965245538,0.918795025668738
0.05122174705109073,0.041221747051090725,0.8586591098204248
-0.03917597244156518,0.029175972441565175,1.7649959289086916
0.013400775326208425,0.003400775326208425,0.0015205527446859905
0.017750164888031383,0.007750164888031383,1.1185404145740538
-0.009717227376462856,0.00028277262353714437,5.988445138671661e-06
-0.09835187317879263,0.08835187317879263,1.1325045745568552
0.03785626272774484,0.027856262727744836,1.0042295084242456
-0.04068954808613734,0.030689548086137337,1.7235466402632167
-0.031850530916626374,0.021850530916626372,0.3523655544025347
-0.03413474349467427,0.024134743494674267,0.09318465259979249
-0.07337799363208602,0.06337799363208603,0.25144924442953687
0.005303090474380268,0.004696909525619733,0.027252740997690837
-0.12248769045276897,0.11248769045276898,1.3171694048517957
0.02334959267541553,0.013349592675415531,1.8482899386919025
-0.06515811351612699,0.05515811351612699,0.7174366646088547
0.06610911725785812,0.05610911725785812,0.7697164931837027
-0.16230190681332834,0.15230190681332834,1.2079863096549457
-0.12154789217505135,0.11154789217505136,0.5293650668673735
-0.019693284501298258,0.009693284501298258,1.989644225709444
-0.045373062516409546,0.035373062516409544,1.0034900942269547
-0.08826706089058262,0.07826706089058262,0.8047386303473165
0.03794049179878878,0.027940491798788776,0.03651067895362037
-0.000628311561763184,0.009371688438236816,0.019860111609159035
0.05678500340024084,0.04678500340024084,0.25417459686149657
-0.04823594640600737,0.038235946406007366,1.7632700988200276
-0.006110155345675439,0.0038898446543245615,0.00859249002010262
0.07112184937348359,0.06112184937348359,1.935757587444173
0.05241334191055763,0.04241334191055763,0.028555629331049492
0.047536659280552396,0.037536659280552394,1.7637628144393898
0.047367877413788395,0.03736787741378839,1.0551327911354937
-0.011629751127883226,0.0016297511278832253,1.0253700561204449
-0.027094828403406435,0.017094828403406433,1.4655943940156724
0.0815457478942,0.0715457478942,1.2360691134508504
-0.010756897394161025,0.0007568973941610244,0.19151348343790045
-0.0624636339363398,0.0524636339363398,0.9417283811180052
0.017480959008365382,0.007480959008365382,0.002503589839772438
-0.08140019930437614,0.07140019930437615,1.6491831472238534
0.029245416098694632,0.01924541609869463,0.060097872677938674
-0.1434580258722803,0.13345802587228028,0.9157789280516166
-0.04738188785516828,0.03738188785516828,0.17827360333853343
0.016115636638628916,0.006115636638628916,0.48031717202179286
0.02717412135786257,0.017174121357862566,0.9861138174889252
0.03209803707033959,0.02209803707033959,1.4222062140870353
0.1312252048507433,0.1212252048507433,0.1225465236541969
0.0747803051132015,0.0647803051132015,0.07084756394990235
0.027645415423608988,0.017645415423608986,0.31269180043248584
-0.003429470550600111,0.006570529449399889,0.12420939965955048
0.08108879356605908,0.07108879356605909,0.5381596513309214
-0.0711292457549274,0.061129245754927404,0.08631103430902096
-0.10219625624504125,0.09219625624504126,0.22127339969787005
-0.011181100234003094,0.0011811002340030938,0.07879865133992092
0.02917375492834179,0.019173754928341787,1.058475451909954
0.03258314167927284,0.02258314167927284,0.17213283633609308
0.11282425199709822,0.10282425199709823,1.3258723316895396
0.06514514988149034,0.055145149881490337,1.0343892236428436
0.10300255868250247,0.09300255868250247,0.3764099289421258
-0.043843578309141984,0.03384357830914198,0.4726757003511883
0.021668820915526465,0.011668820915526465,0.009587675888584401
0.05883177484498364,0.04883177484498364,1.4270032944591344
0.043832630828665176,0.033832630828665174,0.8700524218243951
-0.09456909743644132,0.08456909743644132,0.6755042278746123
-0.012467419122660917,0.0024674191226609164,0.0002873247357672187
0.0777379108120218,0.06773791081202181,1.2724600509430564
-0.020405116231216047,0.010405116231216047,0.3690343625324191
0.05199997507688703,0.041999975076887026,1.1983177680400565
-0.02156600138333792,0.011566001383337918,1.247732119227119
-0.05854793010678255,0.04854793010678255,0.7169784565989183
0.03489553882910984,0.024895538829109838,0.029820381015894962
-0.011902901698657598,0.0019029016986575973,2.084233427961357
0.042452217121237645,0.03245221712123764,0.18987050740332972
-0.06771931874718834,0.05771931874718834,0.6546883419032842
-0.03243412363109033,0.022434123631090326,0.25428839782623064
0.09088518055654349,0.08088518055654349,0.121905656042537
0.04781421136172731,0.03781421136172731,0.9491238093003728
0.052541029891974955,0.04254102989197495,0.9448600493518434
0.036284575711963585,0.026284575711963583,0.024378691695789018
-0.02439641644572388,0.014396416445723878,0.9155003412196447
0.0003462053533058729,0.009653794646694127,0.042367702682212675
-0.009413089589779655,0.0005869104102203451,0.0003638400656947546
0.030371351131170177,0.020371351131170175,0.06555164004113982
0.05510954522084205,0.04510954522084205,0.09437800116415872
-0.014032468323253167,0.004032468323253166,0.002064853264872463
0.11743944707947213,0.10743944707947213,0.9933993667997965
0.028202731763391498,0.018202731763391496,0.047776636435285444
0.06519139105525301,0.05519139105525301,1.102292017716428
-0.02555452759897786,0.01555452759897786,1.8774473179905322
-0.11064706619763393,0.10064706619763393,1.5636347879186794
0.04938994917859879,0.03938994917859879,0.07827200148786682
-0.012000092827198494,0.002000092827198494,0.8982814423002555
-0.06909777104648135,0.05909777104648135,0.7173566579085363
-0.0683498866972942,0.05834988669729419,1.068415080601552
0.09584233600735137,0.08584233600735137,0.4563546888760671
-0.06948546234278635,0.05948546234278635,1.335137831831268
0.022237156260554225,0.012237156260554225,0.26997370769402745
-0.13897028770835484,0.12897028770835484,1.3453665403132546
-0.01598206412827896,0.005982064128278961,0.0025690660225374086
0.15133949251429268,0.14133949251429268,0.918814102775393
-0.09322977199868004,0.08322977199868005,0.08014507348104213
-0.06694234877309041,0.05694234877309041,0.04940977706437527
-0.1255364374345581,0.11553643743455812,0.9672048802726736
-0.15415312638021073,0.14415312638021072,1.192769126260172
0.04723202878080124,0.037232028780801237,1.4827644594279754
-0.009954545924946878,4.545407505312203e-05,1.7376992309509117e-05
-0.03689947532129606,0.02689947532129606,2.100819325581046
-0.060535088887521515,0.05053508888752151,1.783076123242647
0.020750380466833807,0.010750380466833806,1.9149528083256464
-0.05888400757522705,0.04888400757522705,1.0491850082433423
0.00271514874265677,0.00728485125734323,0.5523399314495214
0.024726679561985432,0.014726679561985432,0.6031556347732446
0.0015117098066378398,0.00848829019336216,0.010597926234366926
-0.01861698735372691,0.00861698735372691,1.6356593639750139
0.025138651927193778,0.015138651927193778,1.2160706202741094
-0.005998903356701835,0.004001096643298166,0.005835800011870932
-0.07083975334606668,0.06083975334606668,1.63503645723203
-0.05733428453215367,0.047334284532153666,0.0688385412094021
0.02501841958371015,0.01501841958371015,0.8978676879298061
-0.006942251628972607,0.0030577483710273936,0.0019958060238432483
0.07243262581883897,0.06243262581883897,1.6333850588383378
-0.004029272222367597,0.005970727777632403,0.007083369201356481
0.05663831922596535,0.04663831922596535,1.2194865074364436
0.033839985705660824,0.023839985705660822,0.026517549328087284
0.031092870893090097,0.021092870893090095,0.986378634231528
-0.036660706090428596,0.026660706090428594,1.1700635147967435
-0.018373220265801793,0.008373220265801793,0.13855411444262658
-0.039371204653070535,0.029371204653070533,0.06232070758905932
-0.019030681632139057,0.009030681632139057,0.6271099575199404
0.07570499329532199,0.06570499329532199,0.1346976012785824
-0.0020186092445336756,0.007981390755466325,0.8809358929146307
-0.03263119829425287,0.02263119829425287,0.04580385694455977
0.013733367352092185,0.003733367352092185,0.0010327608431824693
-0.07204216638305222,0.06204216638305222,1.0790925275384935
-0.007123998142687382,0.002876001857312618,0.000772218803199511
-0.05684974439748208,0.04684974439748208,0.5497823347542137
0.028118763957308612,0.01811876395730861,0.02684031830932167
-0.018806899428026436,0.008806899428026435,0.036140546316699336
0.005686061433104239,0.004313938566895761,0.0016711656183394535
-0.0003348158215410457,0.009665184178458954,0.03924251622354832
-0.004969093051651607,0.005030906948348393,0.6171317381200334
0.1107624798534414,0.1007624798534414,0.33960370006202145
0.004424014863784409,0.005575985136215591,0.004546459938668152
-0.00265704900957614,0.00734295099042386,0.003723476310034779
-0.05581686173608552,0.04581686173608552,1.7219668029762596
-0.09623111507344001,0.08623111507344002,0.4103960402489928
-0.0724895663120822,0.0624895663120822,0.09131036470157144
-0.04575965529550907,0.03575965529550907,0.5299149241253287
-0.04917825122766717,0.03917825122766717,0.3107524305915817
0.03828044700864808,0.028280447008648076,1.3549477428677659
0.051254456410057214,0.04125445641005721,0.04076912429949691
-0.034167631019658584,0.024167631019658582,0.3936316993743844
-0.04022624278159065,0.030226242781590647,0.16770560412700752
-0.03129057291915688,0.021290572919156876,0.018250972056577542
0.046219972556776734,0.03621997255677673,0.5554593837031859
0.040187092508218725,0.030187092508218723,1.1044048592679998
0.04155079357334823,0.03155079357334823,0.8557941207996563
-0.06759359961224398,0.05759359961224398,1.6611499326395949
-0.030530357374687678,0.020530357374687676,0.8170788173195146
-0.03845885306213842,0.02845885306213842,0.9471572650543858
0.042060087007938285,0.03206008700793828,1.0111886316728202
0.02328122564775381,0.013281225647753811,0.01076380899990941
-0.0027329469574112197,0.0072670530425887805,0.14085857794619983
0.12165903116851523,0.11165903116851524,1.1846359651763623
0.08186738593818477,0.07186738593818477,2.71613876349822
0.031312693273680525,0.021312693273680523,0.33125453769231455
-0.060352391878080947,0.050352391878080945,1.0630792277161651
-0.07882183334656129,0.06882183334656129,1.1739598550401655
0.020658263019357526,0.010658263019357525,0.25815143969791166
0.04211629125463229,0.032116291254632286,0.07553011914155504
-0.011872647007900694,0.0018726470079006938,0.7695505978735369
-0.004567909888471333,0.005432090111528667,0.2969437085185256
-0.08284611300018135,0.07284611300018136,0.9182678513151464
-0.10436506250080568,0.09436506250080569,0.5903899480525602
0.13560951512463493,0.12560951512463492,1.7208924655021778
-0.05324802360774317,0.043248023607743165,1.5566764021357742
-0.09680655159347101,0.08680655159347102,1.6999820970048938
0.020518342316602323,0.010518342316602322,0.028281188616087968
0.05028250453844946,0.040282504538449455,0.07325245210318593
-0.009068453878964544,0.0009315461210354561,7.548933790508727e-05
-0.0521187454730746,0.0421187454730746,1.3248311646287683
0.06125890928613115,0.051258909286131145,0.7938677579156795
0.011375371708458426,0.0013753717084584258,0.01250118654164613
-0.0906963784851606,0.0806963784851606,0.2942974082726022
-0.03693225282195434,0.026932252821954335,1.6668483693384346
0.06576073434686203,0.055760734346862025,1.5133612054770182
0.05319125847819761,0.04319125847819761,0.2914394692406919
0.00696858461730554,0.0030314153826944603,0.006958869969462492
-0.04196015554011889,0.03196015554011889,1.1699418950340552
0.047868384080838655,0.03786838408083865,1.9158303219532222
-0.056267541236468266,0.046267541236468264,1.4779886262905189
-0.02739372537363005,0.01739372537363005,0.39566199545550546
-0.012920016127804634,0.002920016127804634,0.3645864993709118
-0.010616084365464795,0.000616084365464795,1.8535868128799708
0.007828869855813547,0.002171130144186453,0.0019402490385324322
0.002522829179038566,0.007477170820961434,0.13483157435469068
0.002706642442501739,0.007293357557498261,0.030769067647190215
-0.002506533415952472,0.007493466584047528,0.3401872326311356
-0.0352305652882704,0.025230565288270397,0.7387594170163245
0.06315764378959426,0.05315764378959426,1.026796240889353
0.06391901855183746,0.05391901855183746,1.430946260603627
0.10019640834273802,0.09019640834273802,1.0334238463783243
0.07416600823063135,0.06416600823063136,0.8001412002720275
-0.0692734345179793,0.05927343451797929,0.08476596855115462
0.03179745586198135,0.021797455861981348,0.14253929614418837
-0.040510805460873545,0.030510805460873543,1.7099575298504015
0.030442126772725175,0.020442126772725173,0.4403730915472599
-0.04197304744837527,0.031973047448375265,0.8601152220816424
-0.041224419786126454,0.031224419786126452,0.0425523957732505
0.057384401190739065,0.04738440119073906,1.4989234290054545
-0.008578807924183085,0.0014211920758169152,0.0002328835780736764
0.06527880362142308,0.055278803621423074,1.8636334914028787
0.05130307821368457,0.04130307821368457,0.544047867003598
-0.017953536679978843,0.007953536679978843,0.7757427470968494
-0.06973121008471883,0.05973121008471883,1.5421400670299892
-0.14965044309338832,0.1396504430933883,1.209375511827041
0.0454659801117252,0.0354659801117252,0.03456017315104851
0.0420145831740012,0.032014583174001195,0.40479336729510196
-0.00021554073818441655,0.009784459261815584,0.024897657002016026
-0.05086115995028284,0.04086115995028284,0.19682907745549888
-0.05681231609431264,0.04681231609431264,0.5730891199828703
-0.03075236472960524,0.02075236472960524,0.505845898377622
0.05350007695167003,0.043500076951670026,1.184681256781888
-0.011186647782364223,0.0011866477823642228,1.1303432956970536
0.060271486686446774,0.05027148668644677,0.43700891924099927
0.07996552909473531,0.06996552909473532,0.9902861788744073
0.036403109806678824,0.026403109806678822,0.9949624657921362
-0.006414820942388655,0.0035851790576113454,0.0013631073744594234
-0.02508930565951628,0.015089305659516281,0.576816566186259
0.09175431083770391,0.08175431083770392,0.49937710383185646
-0.061372188695566765,0.05137218869556676,1.1091316582777673
-0.0260302870027882,0.016030287002788197,0.4148813624400079
0.07609886035304758,0.06609886035304759,1.8158847735517543
-0.02101722399805006,0.01101722399805006,1.869133893472963
-0.06087116927900316,0.050871169279003155,1.0290928049367094
0.01659601938261468,0.006596019382614679,1.3371316769279502
0.0034107340359867955,0.006589265964013205,0.012110995803983731
0.03282722402352167,0.02282722402352167,0.36385890099739476
0.030623502698165606,0.020623502698165604,1.4802539813915234
-0.0018593353623101994,0.0081406646376898,0.008090782195510075
0.005073773942767534,0.004926226057232466,0.015898027294523318
-0.06706795289484835,0.057067952894848346,0.34177013916028776
0.10353212474438961,0.09353212474438961,0.3372957925876856
-0.08289793514681171,0.07289793514681171,0.10727325141548047
0.05468274558244335,0.044682745582443346,0.8166951596840404
-0.058809283990436834,0.04880928399043683,0.07015774324151965
-0.0020695586559730805,0.00793044134402692,0.11776156041356015
-0.02119939929460335,0.01119939929460335,0.6712198166919384
-0.03192842780715488,0.021928427807154878,0.0911753849587349
0.06491847662847933,0.054918476628479325,1.7731737054890824
0.01658193609027142,0.006581936090271421,0.007310092569540646
0.05007983285541501,0.040079832855415005,0.43934486704059844
-0.07731551110540713,0.06731551110540714,1.9280247570308953
-0.014565500060012282,0.004565500060012282,0.7857122372463853
-0.06423371236785114,0.054233712367851135,1.5528348858912548
0.07312048054281917,0.06312048054281917,0.7582788607036836
0.013040692512606755,0.003040692512606755,0.37004016806969575
-0.021071285549404406,0.011071285549404406,0.011446023151225998
-0.12043958969003277,0.11043958969003277,1.2391644823635073
-0.024301813101184455,0.014301813101184455,0.025525056173635877
0.03162501729970968,0.021625017299709677,1.615615435986918
0.03560219869449788,0.025602198694497875,0.9672265264639931
-0.04880458897169504,0.03880458897169504,0.04612555480732754
0.0846590972033518,0.0746590972033518,0.5283706689932534
0.003144489389338534,0.006855510610661466,0.09327645511400258
-0.027009634809445515,0.017009634809445513,0.06410349727242083
-0.0008178931011895707,0.00918210689881043,1.0529798900836864
-0.028779338198262394,0.018779338198262392,0.8287215632593581
-0.0729658518747004,0.0629658518747004,1.4077828043193852
-0.015051276324158203,0.005051276324158202,0.007887285240850668
0.0678657214094372,0.057865721409437194,1.112094912797564
0.12927110372191475,0.11927110372191475,0.25097286471448393
-0.04230914134381886,0.032309141343818855,0.23321197047818504
0.015079856978531148,0.005079856978531147,1.8339076066313524
0.08768537913020086,0.07768537913020086,1.4121501453030332
-0.02507358468130305,0.015073584681303051,0.6997236688421179
-0.023750519400668968,0.013750519400668968,0.1307859946703528
-0.047821892233424534,0.03782189223342453,0.8030897966936819
-0.002880472724548555,0.007119527275451445,0.010370168064530914
0.023836683686047966,0.013836683686047966,0.00867991848903022
0.13439999788992935,0.12439999788992935,0.9705027881354462
0.08948718402465938,0.07948718402465939,1.4786182107764605
-0.0064633341014666,0.0035366658985334,0.7845872348071572
0.031182990842088865,0.021182990842088863,0.041879292171002905
-0.11630877406327611,0.10630877406327612,1.9074559568025322
0.022101983479519527,0.012101983479519527,1.3284426936584266
-0.055475779581785956,0.045475779581785954,1.6926551070368558
0.03862478880811371,0.028624788808113706,0.7257786415665641
0.010396134058761275,0.00039613405876127473,7.198085410987763e-05
-0.00019071172648715828,0.009809288273512842,0.006951750476468204
-0.011113135757200188,0.0011131357572001874,0.005603794083902293
-0.017826852435321228,0.007826852435321227,0.005146793427725521
-0.0015705883490442218,0.008429411650955778,0.09790802462788357
3.671796463305954e-05,0.00996328203536694,0.012142861833963252
0.0013652398530078491,0.008634760146992151,0.01997812271440298
0.06574102275270183,0.055741022752701826,1.2729759152596796
0.0325755142887999,0.0225755142887999,0.7819853929585429
-0.024509816635258252,0.014509816635258252,1.257934463256328
-0.04741838168438001,0.037418381684380005,1.2670222658571801
0.03767269036126519,0.02767269036126519,0.045963111034732614
-0.03883490378815513,0.028834903788155127,0.05743072202456465
0.04380773354380946,0.033807733543809455,0.8089597675280512
-0.07540123649981945,0.06540123649981945,0.9609776390395617
0.02749275872399265,0.017492758723992648,0.03256216232895823
-0.017956272693067432,0.007956272693067432,0.00724854188562461
0.0575939986120545,0.047593998612054496,0.9306436809963914
-0.05326207501122082,0.04326207501122082,0.0648188046215786
-0.05592867566632048,0.04592867566632048,0.6413130504701526
-0.08692617916244116,0.07692617916244117,1.0443895925150248
-0.04137779904158201,0.03137779904158201,1.3115009174307142
0.12090063653715083,0.11090063653715083,1.2519648904356762
0.13057733735104393,0.12057733735104394,1.424764488699613
0.049608568542807374,0.03960856854280737,0.8811124620464512
0.07866426419301509,0.06866426419301509,0.3051737662642557
0.01048880378679068,0.0004888037867906789,1.4947496130224311
-0.04594193359842769,0.035941933598427685,0.22456170401550615
0.01603649700314924,0.006036497003149241,2.0735113676571473
0.03645672903157349,0.026456729031573485,0.18233577474586127
-0.01989399102882572,0.00989399102882572,0.014978029963994303
0.0026286794553450066,0.007371320544654994,0.00816163336004285
0.038952142367108644,0.028952142367108642,1.3361446960047352
0.11820558426499972,0.10820558426499972,0.13020175490144129
0.023080441996395418,0.013080441996395418,0.05183903005894546
-0.09188308832898573,0.08188308832898573,0.24497947654279165
-0.008109579107476894,0.001890420892523106,0.00290799309299979
-0.016332142914418146,0.006332142914418146,0.6952977817427082
-0.05299821097701968,0.042998210977019675,0.6563491011734953
-0.0686566537062337,0.05865665370623369,1.570994247439517
0.09523528522456332,0.08523528522456332,1.7088540792171047
-0.010372537745584332,0.0003725377455843313,1.247240564293193e-05
-0.040489637221786945,0.030489637221786943,0.04468804106873861
0.007223218234956252,0.002776781765043748,0.000576709185539277
0.08028143753035316,0.07028143753035317,0.7835474653413766
-0.036847091080364436,0.026847091080364434,0.4016343932297637
-0.015281419855552425,0.005281419855552425,1.1327325773833539
-0.06199951648344448,0.05199951648344448,0.24825871807624014
-0.03986865837150855,0.029868658371508545,1.1828171791176871
-0.052065850483649756,0.042065850483649754,0.061798414419207866
0.030535328854335797,0.020535328854335795,0.9091689882147551
-0.0479147311346555,0.037914731134655495,1.1187909564173832
0.014773972533202784,0.004773972533202784,0.005165162012274909
0.10703065769104292,0.09703065769104292,0.6223725103436114
-0.017315802727231766,0.007315802727231766,0.015930040732517536
0.03910973440005039,0.029109734400050387,2.037997922604478
0.035860641638674084,0.025860641638674083,1.7845364157043497
-0.006535938101515815,0.0034640618984841855,0.41599130371466236
-0.020400177185262658,0.010400177185262658,1.163059268579416
0.06638217595912671,0.05638217595912671,0.4202417727345829
0.06697562175382554,0.05697562175382554,0.8420212824700283
0.03280603139671534,0.02280603139671534,0.01879536184488113
-0.030580394800595156,0.020580394800595155,0.0416808718741945
0.03018107373759371,0.02018107373759371,0.2220863896127421
0.0222805073669039,0.012280507366903901,0.5685047289643159
-0.04584049579028282,0.03584049579028282,1.6082450458188569
0.021766063010852932,0.011766063010852932,2.0913045520298987
-0.0618498837478243,0.051849883747824295,1.5598081511949011
0.0034898776371644624,0.006510122362835538,0.07355289405942395
-0.007862867298992993,0.0021371327010070076,0.06341979206101685
-0.05508242252325224,0.04508242252325224,1.6469601815633796
-0.028443751446897814,0.01844375144689781,0.696543686187378
-0.036045149010862976,0.026045149010862974,0.46339976147289463
0.04303136100786642,0.03303136100786642,0.354836620107441
0.028558928511390358,0.018558928511390356,0.035324807672029196
-0.009417769040780122,0.0005822309592198784,0.0010174912444126582
0.030594898664519865,0.020594898664519863,1.9160022329376276
-0.06380122564023144,0.05380122564023144,0.6511142150211517
0.02417942591446609,0.01417942591446609,1.4200621568478666
0.06863859249750859,0.058638592497508586,0.48180063681962165
-0.05012312065776986,0.04012312065776986,0.035736448252707914
-0.04089593246519874,0.030895932465198735,0.8374389439324996
-0.011295670037184347,0.0012956700371843464,0.0003821487934777556
-0.022309990537649815,0.012309990537649815,2.1582324875936227
0.04734962096883355,0.03734962096883355,0.510900362010456
-0.03547763612632693,0.025477636126326926,0.007043243274379409
0.0024825418913055897,0.0075174581086944105,0.8818476476705037
0.07036664593593944,0.06036664593593944,0.7964026181598869
0.024759378986007108,0.014759378986007108,1.201683147860412
-0.08146288572363253,0.07146288572363253,0.966715127984547
-0.05198942629458403,0.04198942629458403,1.0187718853730572
0.07100493330686919,0.06100493330686919,1.8485483866667136
0.010003746204229835,3.7462042298350845e-06,0.6974649728787141
-0.03803497083059726,0.028034970830597257,1.1853769456974568
0.01282610437697096,0.002826104376970959,1.3268446442970432
0.019129948193439716,0.009129948193439716,1.3913347744283089
0.09230027354411613,0.08230027354411613,0.7260097542660248
0.015299632182586176,0.005299632182586176,0.0029152983471977577
-0.05760038756143737,0.04760038756143737,1.1367975566491133
-0.10764159680664231,0.09764159680664232,0.15086859558127416
0.029830158575818166,0.019830158575818164,0.9099918377629216
-0.03434675243054264,0.024346752430542636,0.019920220666658592
-0.011737430626502565,0.001737430626502565,1.1605554161885079
0.022092448723671665,0.012092448723671665,0.37688059093779425
0.02662684393892445,0.016626843938924447,1.030970605032524
0.03438585247997794,0.02438585247997794,2.3581311959004214
-0.02408939114105807,0.01408939114105807,0.9030107539599268
0.03151334048956811,0.021513340489568107,0.016549507275655892
0.02845371361195287,0.018453713611952867,1.4193375539310997
-0.09601636083482779,0.08601636083482779,1.1982911418738615
-0.015165208119103213,0.005165208119103213,0.0071382901061378635
-0.052300539568984616,0.042300539568984614,0.8005644757005415
-0.03069741900252032,0.02069741900252032,0.03266374411688403
0.0063396585852206755,0.0036603414147793247,3.547302629749715
-0.003207874270376554,0.006792125729623446,0.004741086755389574
0.04872941257186064,0.03872941257186064,0.896525285646585
-0.06501032769560255,0.05501032769560255,0.11706423918060212
0.11984580962075359,0.10984580962075359,1.7156469034249326
0.14655116012794656,0.13655116012794655,1.4514350836027052
0.0038188247188321034,0.006181175281167897,0.014661352787259649
0.008962210112698155,0.0010377898873018456,0.018889247472219303
-0.04535831659842121,0.03535831659842121,1.2491889696738558
-0.04834502241367533,0.03834502241367533,0.6297601378421573
-0.009910222360926257,8.97776390737428e-05,0.10376004107518864
0.06272935484808351,0.052729354848083505,0.14266521589297632
0.08508286038285462,0.07508286038285462,2.1878145948995313
0.03886064475895823,0.028860644758958227,0.43908579427393657
0.01940520540884849,0.009405205408848491,0.015836868142793864
-0.02185763642308336,0.01185763642308336,0.7402464478866979
-0.06414967835710744,0.05414967835710744,1.2574209459492218
0.04744470141991691,0.03744470141991691,0.08719938597173008
-0.031926114759119884,0.02192611475911988,0.015028275286396933
0.0046105774845059955,0.005389422515494005,0.00862281191929962
0.10782837883045687,0.09782837883045688,1.0838287741379704
0.011148233953304998,0.0011482339533049977,0.0018366585537315883
0.09960151643133469,0.0896015164313347,1.2792638701260057
0.05110176803829147,0.04110176803829147,1.3257804652738983
-0.01719996556491854,0.00719996556491854,0.09563000174519373
-0.11844246372029321,0.10844246372029322,1.7468656458859158
0.006427960133871369,0.0035720398661286314,0.01647521769346616
-0.053189217133920275,0.04318921713392027,1.6124056098377508
0.09453845087048063,0.08453845087048063,0.7932197698950406
-0.03617088883930247,0.02617088883930247,1.4737345674952556
0.07066756392863932,0.06066756392863932,1.2999877297016922
0.001602809545552808,0.008397190454447192,0.1874700144659987
0.018856028246007184,0.008856028246007184,1.727033928667187
0.02675576655923695,0.016755766559236947,0.052555496393367436
-0.04212858181087198,0.03212858181087198,2.3710006844463485
0.021765573574047015,0.011765573574047014,0.008335435080768363
0.024687961493589594,0.014687961493589594,0.006389023638439742
0.08830463443401759,0.0783046344340176,0.07177511179996891
0.01280240331209187,0.00280240331209187,0.002918043305462914
-0.07618838284260199,0.06618838284260199,0.48971303117849757
-0.08366368377425565,0.07366368377425565,0.6638760845036866
-0.0212710027902967,0.0112710027902967,0.6440061507372182
-0.19627008601725782,0.1862700860172578,1.1180698288470001
-0.058364720728545205,0.0483647207285452,0.8040579457302521
-0.05712121664462255,0.04712121664462255,0.2762187975781016
-0.059306450253925,0.049306450253925,0.8262007176345196
0.04559464462537932,0.03559464462537932,0.34606153453668964
-0.03694112146851436,0.026941121468514358,0.036310768196474545
-0.02946883800186295,0.01946883800186295,0.03177594673371459
0.05054626109322513,0.04054626109322513,1.3802196768699253
-0.04829787779290562,0.03829787779290562,0.17309717233392125
-0.0025030769198856606,0.00749692308011434,0.009457114262276342
-0.0012365083507906438,0.008763491649209356,0.13599882094275972
0.005662976681094278,0.004337023318905722,0.0030811219762305725
0.00013286286235336675,0.009867137137646633,0.0167780103256389
0.07620230946355977,0.06620230946355977,0.5945087291490954
0.02948575997075059,0.01948575997075059,2.23340977525862
0.12439422967787911,0.11439422967787911,0.7306108191446405
0.00018339656567828433,0.009816603434321716,0.9035766007567549
-0.013077605663835812,0.0030776056638358116,0.19398983563908892
0.05830027481503586,0.048300274815035855,1.3330732554155418
-0.07823078162266128,0.06823078162266129,1.6887715736686966
0.0007568698496100978,0.009243130150389902,0.3314515151975199
0.028163925877154994,0.018163925877154992,0.49538293347114104
-0.029115801258686014,0.019115801258686012,0.0147742732911791
-0.08918845154874622,0.07918845154874622,0.08755857412671553
-0.012545924799628294,0.002545924799628294,0.00040336302094305166
0.017457933708137252,0.007457933708137252,0.6794709781581565
-0.02757985593893625,0.017579855938936247,1.0518394170880456
0.03300928762017258,0.023009287620172576,0.44821020255560506
-0.009086677794799547,0.0009133222052004532,0.9058440115981873
0.024117381637517643,0.014117381637517643,0.008622557699326334
0.07583918974570947,0.06583918974570947,0.22040338078619442
-0.05635937850326411,0.04635937850326411,0.8256342690904931
-0.007715334827219089,0.002284665172780911,0.03946198255214988
-0.040626281874853065,0.030626281874853063,0.18133034377413068
0.08464368783166687,0.07464368783166687,0.5174190645615019
-0.07854533679318082,0.06854533679318082,0.17669025726119855
-0.015107309142655345,0.005107309142655345,0.968424344386483
0.00914176218429591,0.0008582378157040906,0.470393199545208
0.05609448538984968,0.04609448538984968,1.6755490467489071
-0.0030185329534963,0.0069814670465037,0.8388280586094952
-0.09146510607652997,0.08146510607652997,0.8572871265594612
0.07355953334197435,0.06355953334197435,0.08107804650636426
0.028602424069884558,0.018602424069884556,0.019399050504371084
-0.04476226841367298,0.03476226841367298,1.759528396206438
0.02849506854595496,0.018495068545954958,0.5156029628151095
0.018534699589932535,0.008534699589932535,0.003608221612328859
0.08782444527234334,0.07782444527234335,0.8081862906141234
-0.06862441268328678,0.05862441268328678,0.2049638502468879
0.006168739719819127,0.003831260280180873,0.0041388594212783385
-0.06330459947205597,0.053304599472055965,0.6567890090184583
-0.07826647183175972,0.06826647183175973,0.9540765088426795
-0.04012843979986053,0.030128439799860525,0.13333509287462633
-0.04034991349335526,0.03034991349335526,0.3013667090564793
-0.1058587997572149,0.09585879975721491,0.8949339748750387
-0.04138397188677623,0.031383971886776225,0.2838144349151462
-0.10618446169067641,0.09618446169067642,0.8784190746541438
0.0659118067137372,0.055911806713737196,0.07468204738279835
-0.00916316988318483,0.0008368301168151706,0.3530969470255175
0.014585025506421212,0.004585025506421212,2.2126608782053605
-0.03302008494726949,0.023020084947269488,0.9522419772495776
0.02476873598586038,0.01476873598586038,0.008494944120708255
0.08551802041891038,0.07551802041891038,0.6208288076268328
-0.0062248244137178554,0.0037751755862821448,0.013148565122906348
-0.03226024314991294,0.022260243149912935,0.32843582718667863
-0.025896262762504063,0.01589626276250406,1.2769789596147973
-0.06221946744195944,0.05221946744195944,0.9855480091931242
-0.029378720300318517,0.019378720300318515,0.3810762561355478
0.04880828691400263,0.03880828691400263,0.8775144911980383
0.05009878564670317,0.04009878564670317,0.07461073830944531
-0.0060170319249175375,0.003982968075082463,0.0720863975122899
0.02956615291587189,0.01956615291587189,1.47735622001279
0.09029181253117607,0.08029181253117608,1.0702123633511087
0.018782993505076173,0.008782993505076173,0.0035985384189410824
0.047369603514834435,0.03736960351483443,0.2648148439606184
0.02973456871323099,0.01973456871323099,1.4976755964084985
-0.08733709440139115,0.07733709440139115,0.4974857360717983
-0.10076622867960855,0.09076622867960855,1.354539921568088
-0.05573074243875098,0.04573074243875098,1.137444706518655
0.07557973539894974,0.06557973539894975,0.2643204264536733
0.042107361305243285,0.03210736130524328,0.04812702626604655
0.0002965646813952727,0.009703435318604728,0.016059626914931274
0.005639518084359807,0.004360481915640193,0.005778285419146689
0.010769258842827978,0.0007692588428279776,0.0004689719388997042
0.11495564770809674,0.10495564770809675,0.795755373362348
0.015926627264756632,0.005926627264756632,1.972405551884041
0.04640173019418792,0.036401730194187916,0.28152172934172226
0.06440389458771067,0.05440389458771067,0.5875426256093885
0.022863537991764993,0.012863537991764993,0.2524960115524619
-0.1031254099586768,0.09312540995867681,1.8890716611568166
0.03598183179824199,0.02598183179824199,0.7854829574233545
0.03565393945525486,0.025653939455254855,0.021974205205431648
-0.09658265484877121,0.08658265484877121,1.170279403254938
-0.0001858146702479191,0.009814185329752081,0.838243345648622
0.03683095408843534,0.02683095408843534,0.1331185813968703
0.043487128962481636,0.033487128962481634,1.7896884782937346
-0.021492743236558254,0.011492743236558254,0.8799596519826239
0.08964604921384861,0.07964604921384862,1.536469850340087
0.0882482866788496,0.0782482866788496,1.7417217831324832
0.026903602074928867,0.016903602074928865,0.015032373864759245
0.057434438383656305,0.047434438383656304,0.23334173567006364
-0.08523324679090327,0.07523324679090328,0.9080771562986288
0.0383416765230532,0.0283416765230532,0.07248123172525042
0.12065715189591153,0.11065715189591153,0.16519012160226093
0.0006038081451487098,0.00939619185485129,0.013619925610004444
0.0870316886264374,0.0770316886264374,1.426405630680042
0.01781095338665295,0.00781095338665295,0.007197042979968535
-0.07215256026675598,0.06215256026675598,0.06896324150468477
-0.0331283558090138,0.023128355809013797,2.145623569404389
-0.009064897170842356,0.0009351028291576437,0.4659400048003524
-0.05871477568771627,0.04871477568771627,0.128929388585577
0.07229127829424142,0.06229127829424142,1.1746633334268386
0.09316827463603755,0.08316827463603756,0.11607706719955033
0.03315819651091301,0.023158196510913005,0.01199227796254247
-0.037860300018342286,0.027860300018342284,0.4817897566600454
0.06698985317177208,0.05698985317177208,1.250822223818079
0.06544303685922509,0.05544303685922509,0.06521404815039208
0.009203436346083005,0.0007965636539169953,9.986298713000378e-05
0.09862804818485704,0.08862804818485705,0.6707304371253916
-0.03876707438528615,0.028767074385286147,0.2645223811049975
-0.0006826358066244209,0.00931736419337558,0.01656383033174576
-0.028650742426129194,0.018650742426129192,1.0257378637699008
-0.0025551061650893048,0.0074448938349106954,0.053718250103549844
0.01699761943699374,0.006997619436993738,0.03839889678841015
0.12579663242491812,0.11579663242491813,1.4580552278554981
-0.05902507542458829,0.04902507542458829,0.7564978935822438
-0.08816032824510939,0.07816032824510939,1.157719947768412
0.014920070377202888,0.004920070377202887,0.8575052175754213
-0.050478733034074574,0.04047873303407457,0.8638395915303133
-0.013300779684808306,0.0033007796848083058,1.4078330278629383
0.09019090822873349,0.0801909082287335,1.094149321808362
-0.025220106071860815,0.015220106071860815,0.018195779198331402
-0.003083787308978625,0.006916212691021375,0.014424698094965143
-0.11282665498885475,0.10282665498885475,0.8475969252138889
-0.031665540962486804,0.021665540962486803,0.03745869005776821
-0.09178251937352694,0.08178251937352694,0.8511653365761552
-0.008907741672875336,0.0010922583271246646,0.00012645122372147036
0.08319551207399062,0.07319551207399062,0.6953794731295059
0.015764522696304406,0.005764522696304406,0.005146838394619173
-0.03523052049450365,0.025230520494503646,0.04685389039251208
-0.028643793578202237,0.018643793578202235,0.7753470576677484
0.04251166276599039,0.032511662765990386,1.5556358026218176
0.00707172880443252,0.0029282711955674803,0.0024460051616652864
0.05351792282678747,0.043517922826787465,1.5671681943893463
-0.05269128130049283,0.04269128130049283,0.7818127251956624
-0.0979897871021751,0.0879897871021751,1.6539547160850798
-0.05965040268561417,0.049650402685614166,0.4527013210769061
-0.0666170719723449,0.0566170719723449,1.7093859304359673
0.05604590204531745,0.04604590204531745,0.9675788978383776
-0.047015649515592894,0.03701564951559289,1.352912719306293
0.0013506873041033152,0.008649312695896685,0.09016792280520672
0.08310940135275124,0.07310940135275125,1.17042172656675
-0.006913526163396688,0.003086473836603312,0.0010009972820433607
0.017323856237953295,0.007323856237953294,0.29975982914723953
0.029710854747620807,0.019710854747620805,0.8320233141759572
0.050333156920444266,0.040333156920444264,1.4603213660997845
0.09267453439561579,0.0826745343956158,0.326696139951413
0.018977492104210403,0.008977492104210403,0.014372564164308228
0.09215592430789238,0.08215592430789238,0.9376898936888369
0.05172619944835266,0.04172619944835266,0.7986950164465544
0.0026297694782417835,0.007370230521758217,0.015679478680878836
-0.04258412636596648,0.03258412636596648,1.0343283631742752
0.09779224249272744,0.08779224249272745,1.191472323493435
0.01846820289594897,0.00846820289594897,0.14152830512383166
-0.013996774066344975,0.0039967740663449745,1.3581228219963708
-0.00892254392956443,0.0010774560704355698,2.1914040238966426e-05
-0.010110843407663661,0.00011084340766366087,0.48746370058117955
-0.0407949057129412,0.030794905712941197,1.6347567944360752
0.05873658778165858,0.048736587781658576,0.2164548287744077
0.06810274482852502,0.05810274482852502,0.9101204177095704
0.04606475597424903,0.036064755974249026,1.1961887072040183
-0.006644714306500987,0.003355285693499013,0.1844122274199077
0.11907064446848886,0.10907064446848887,0.1410414904971807
0.007609061122399452,0.0023909388776005482,0.10750462618663156
-0.007180747620142314,0.0028192523798576865,0.5284267852842178
0.09437056614649786,0.08437056614649786,0.8635772483524365
-0.09324028944436896,0.08324028944436897,0.7690167980233618
-0.06895043143310897,0.05895043143310897,0.07896939612730111
-0.09296964698107502,0.08296964698107502,1.809299799947637
0.0644811643312414,0.0544811643312414,0.07465241439762234
-0.018283628789616313,0.008283628789616313,1.803886396499286
-0.02131755556076753,0.011317555560767531,1.0121619951523315
-0.014504660397115898,0.004504660397115898,1.3827705257703309
-0.09426894596749086,0.08426894596749086,0.5174749697522397
-0.034534870448336474,0.024534870448336472,1.36123500085595
0.026770066656612412,0.01677006665661241,0.4411948754621548
0.0673596782431381,0.0573596782431381,1.091047505303631
-0.0620658863601905,0.0520658863601905,0.48889257662859015
0.033043529572356845,0.023043529572356843,0.7553270399254234
0.06897166667890742,0.058971666678907415,0.7786178408410872
0.05866215005583508,0.04866215005583508,0.11301403573527277
-0.033784811748048815,0.023784811748048813,1.2490571087691864
0.002443364855682917,0.007556635144317083,0.08313221782623445
-0.04652407269347736,0.03652407269347736,0.07467038951438408
-0.01931597622265757,0.009315976222657571,0.014045035914427979
0.02466082835908401,0.014660828359084008,0.6679540068065397
-0.13280426164569092,0.12280426164569093,0.5327576115228241
-0.009516858318283972,0.00048314168171602855,0.5008111103132314
-0.055948733161458764,0.04594873316145876,1.9676466096728062
-0.03614573466152243,0.02614573466152243,0.9138935414778518
0.030345885992580257,0.020345885992580255,2.062798094627773
-0.09629140265918101,0.08629140265918102,0.521982810432369
-0.11642303302192347,0.10642303302192348,1.0011821264203529
-0.06044537993417892,0.05044537993417892,2.4844230615268232
0.03551204573883432,0.025512045738834317,1.5483498948369765
-0.05387600317187513,0.04387600317187513,0.9789821908784032
0.04588443920762453,0.035884439207624526,1.4045853299042088
-0.08665280095288597,0.07665280095288597,1.3650843129929477
0.023837520490681774,0.013837520490681774,0.932951951124721
0.06300083240981924,0.05300083240981924,0.17130258346387894
-0.013776743074859543,0.003776743074859543,1.3181669121091346
-0.009307538743543398,0.0006924612564566026,0.7142126830799026
0.0358701400071586,0.0258701400071586,0.8383836618580568
-0.02829199555773848,0.01829199555773848,0.026211353884845676
-0.03990533628355886,0.029905336283558855,0.2689123614821691
-0.08965437278885247,0.07965437278885247,1.2570558482428826
-0.004464909910520898,0.005535090089479102,0.017489145710351622
-0.026035530623134906,0.016035530623134904,1.5715282977653942
0.022849149466432517,0.012849149466432517,0.014474927907705739
-0.04605718303063122,0.03605718303063122,1.0802856077748393
-0.13373887422803798,0.12373887422803799,0.3116048901056727
-0.01444445789295612,0.004444457892956119,0.0012368677066204375
-0.0040588004510244136,0.005941199548975587,0.004885775566697143
0.010014818328169195,1.481832816919472e-05,2.9498430673754886e-08
-0.04408736070410518,0.03408736070410518,0.13252661260249857
-0.012992043992909985,0.002992043992909985,0.000748012451916807
-0.051761535390396296,0.041761535390396294,0.8439755881233615
-0.0655163529760957,0.0555163529760957,1.7559502722501055
0.10259702964479267,0.09259702964479267,1.3834839783838648
0.01495706963152954,0.00495706963152954,0.0026732736982707644
-0.04503336811609926,0.03503336811609926,0.08896912449607602
0.04327235640847721,0.033272356408477206,0.06666139741577537
-0.036130479978226715,0.026130479978226713,0.02578748841299808
0.06015326075379224,0.050153260753792235,0.7792497528367279
-0.027317433029555582,0.01731743302955558,1.1111976628909368
-0.05484648241271506,0.04484648241271506,0.6256900666198222
-0.12531984834165244,0.11531984834165245,1.2869799419926071
0.07494808638224076,0.06494808638224077,0.21296877374807655
-0.08594841534167408,0.07594841534167408,0.3628698348084378
0.04097267145674166,0.03097267145674166,2.188051027129885
0.013251089759180656,0.0032510897591806562,1.8019770718418169
-0.08070951079642319,0.0707095107964232,1.6191246603159204
-0.025204169468531712,0.015204169468531712,0.07364903961128148
0.04217156804017497,0.032171568040174965,0.08199701848323387
-0.07281884157570462,0.06281884157570462,0.3311300944624104
0.03664365010134463,0.026643650101344625,0.30086457457651505
-0.033109777664096174,0.023109777664096172,0.3821193291404373
0.06735951684605496,0.057359516846054955,1.7769929292671975
-0.04471957522574099,0.03471957522574099,0.6985186262468092
-0.022292160794836313,0.012292160794836313,0.01745577628320906
0.05526999193088261,0.04526999193088261,0.7691478766861063
-0.03671294001121228,0.02671294001121228,1.188175897032483
-0.02271559779067006,0.012715597790670061,0.005585126074102189
0.16762860607915214,0.15762860607915213,0.9236013366224938
-0.015609241942837138,0.005609241942837137,2.372138550106773
-0.008937037982617357,0.0010629620173826428,0.00011184781882312581
-0.030141260903567058,0.020141260903567056,0.1737654735185039
-0.0771757423964573,0.06717574239645731,0.4964661193514573
-0.036083325415855294,0.026083325415855292,1.2875945314299093
-0.0538507148672811,0.0438507148672811,1.6048631204416939
2.2723082771569647e-05,0.00997727691722843,0.013020963236092144
-0.030329463669356405,0.020329463669356403,1.4711715337838212
-0.05143159217537724,0.04143159217537724,0.9755900700975496
-0.006032215307591626,0.003967784692408374,0.1255133584161112
-0.018811365993004925,0.008811365993004925,0.011875195828310578
-0.01198667038574125,0.001986670385741249,1.5661297850012073
0.013457235459857109,0.0034572354598571085,0.0003880919941118746
0.005336586149482847,0.004663413850517153,0.008787789931559422
0.06072588330104012,0.050725883301040116,0.5758376799846107
-0.04405329016193549,0.034053290161935486,0.07156045483851008
0.031387738200529314,0.021387738200529312,0.012308377490450472
0.01874262042814967,0.00874262042814967,0.004677131401093139
0.054477369039185874,0.04447736903918587,0.04506656924973907
0.03289399324796416,0.022893993247964158,0.732500558363362
0.07338514128920692,0.06338514128920693,2.2054865849518874
0.006067122980944695,0.0039328770190553055,0.0048324099200658865
0.04699356712945857,0.03699356712945857,0.15235573620833498
-0.15098063866543981,0.1409806386654398,1.00608190091803
-0.07599422389463001,0.06599422389463001,0.5838988223028495
0.0570831931855757,0.047083193185575696,0.6813898524496314
-0.05428549015960149,0.04428549015960149,1.3449505534967707
0.06591792928236484,0.05591792928236484,2.5463731163417638
-0.020246217570914993,0.010246217570914993,0.008338650926321243
-0.04274714023991866,0.032747140239918655,1.7938419567401322
-0.030402124736951586,0.020402124736951584,0.029110844071168977
-0.06455953789080138,0.054559537890801375,1.546338797676313
0.025207466462394912,0.015207466462394912,1.2398532446650081
0.07477026722938246,0.06477026722938246,0.4904315492462258
0.059507555110404176,0.049507555110404174,1.094835034370298
0.038432691443777034,0.028432691443777032,0.05252655756243345
-0.012017965745843906,0.0020179657458439058,0.5968170941271247
0.055429890153448014,0.04542989015344801,1.7779538450351475
0.020017608786143337,0.010017608786143337,0.014400659491982312
0.0910435739298684,0.0810435739298684,1.5055743402171708
-0.011217844439945057,0.001217844439945057,1.708217078190543
-0.03123811094002915,0.02123811094002915,0.7828345390786186
0.04427887049848411,0.03427887049848411,0.8904973852881329
-0.03668406442708444,0.026684064427084438,0.6464814081982262
-0.045398590942602846,0.035398590942602844,0.9210300768802406
-0.048380378376413735,0.03838037837641373,1.1174842783683128
-0.023693767966027346,0.013693767966027346,0.9326273267115436
0.1669700026343568,0.1569700026343568,0.9387290957912424
-0.06084841916121064,0.05084841916121064,0.5578656994702667
-0.07747023649373724,0.06747023649373725,0.06946664340299553
-0.05419215061646526,0.04419215061646526,0.40419997879977887
0.08549003471792027,0.07549003471792028,0.15754385892280653
-0.09560085228278253,0.08560085228278254,0.8457423288589296
0.0914571359164218,0.0814571359164218,0.2919563400945913
0.0157017029922617,0.005701702992261701,1.1242846323064504
-0.07088881428155702,0.06088881428155702,1.5050278252041045
0.00534758917677175,0.00465241082322825,0.0020118400982598256
-0.03960801407740816,0.029608014077408158,0.15859240982998762
-0.04422506617854005,0.03422506617854005,1.198270788085523
0.07687506969824609,0.0668750696982461,0.25916718684514917
0.15333593759335662,0.1433359375933566,0.3157454999286896
-0.05113673736556795,0.04113673736556795,1.930146744009908
0.03440668462710211,0.02440668462710211,0.03547397757823235
-0.11005729474895787,0.10005729474895787,0.6015243041364746
0.04445179672426758,0.034451796724267576,1.2495732145884473
-0.06446686049179756,0.05446686049179756,1.6825556788621214
0.10431787392453201,0.09431787392453202,1.6742336433532246
-0.0994442104333279,0.08944421043332791,1.050502010126795
-0.029887595809308776,0.019887595809308774,0.04389402491766068
0.028446216426779802,0.0184462164267798,0.5970778600144289
0.020458293523336724,0.010458293523336723,0.051193199630726154
-0.019842898268933262,0.009842898268933262,0.026977934284801774
-0.055929725814466924,0.04592972581446692,0.08464970903384735
-0.01124458043975296,0.00124458043975296,0.6003935214248743
0.023787341187553324,0.013787341187553323,0.9194888303011242
0.08567128421236259,0.07567128421236259,2.5072452587428917
-0.052976237388098535,0.04297623738809853,0.7617082625974818
-0.04665846845149957,0.036658468451499567,0.03634284326878177
0.11669581886130875,0.10669581886130876,0.7551503606918795
0.0806580783051637,0.0706580783051637,1.043662258297501
0.03760549890924331,0.027605498909243305,1.0071640432826314
0.027411243263945173,0.01741124326394517,0.017199127210013782
-0.022042298128227222,0.012042298128227222,0.04436698182835837
-0.05047640370487533,0.040476403704875326,1.4492877876592059
0.060784327653538084,0.05078432765353808,0.4096893764125759
-0.025908955954344948,0.015908955954344946,0.003645092067451502
-0.028824173072674597,0.018824173072674595,1.071737586046148
0.03450965332663014,0.02450965332663014,1.7551127253923646
0.10456481889389546,0.09456481889389547,1.1897672600288818
-0.048102061140489316,0.038102061140489314,0.07263576636607832
-0.054022375639408315,0.044022375639408313,0.6978832324247758
0.0428531091630876,0.0328531091630876,0.11903828133270031
-0.057427741592945614,0.04742774159294561,0.04927078290876942
0.06279955023393757,0.05279955023393757,0.7235009498213099
-0.07947813181662045,0.06947813181662045,2.041512106301823
-0.02510783722042287,0.015107837220422868,0.22280591066257557
0.03356955898314151,0.02356955898314151,0.017391811581022418
-0.014965327415849439,0.0049653274158494385,0.8097387581412143
0.022105206004805367,0.012105206004805366,0.38469030037376234
0.05065036636303266,0.04065036636303266,1.272406297050666
-0.027394199753341564,0.017394199753341562,0.014346202941431479
0.02385393155496124,0.013853931554961238,1.0270440520796411
0.015173961551737558,0.005173961551737558,0.6245617470784061
0.021944018209819727,0.011944018209819727,0.011530378870078083
-0.05561274419722728,0.04561274419722728,0.7333056053626577
0.01692662672171974,0.0069266267217197395,0.002419053284059176
0.0493581835402761,0.0393581835402761,0.07493743648523891
-0.03861587207139022,0.02861587207139022,1.2762046646660934
-0.020923893071760624,0.010923893071760624,0.0035230461237090865
-0.02393521295304324,0.013935212953043239,0.3054184936348743
0.05742787335368127,0.04742787335368127,0.9764847848849595
-0.004377970703000611,0.005622029296999389,0.01833061485261763
0.04723390294977736,0.03723390294977736,0.05702085460163258
0.038093833110331654,0.028093833110331652,0.557212252932733
0.09283708703930382,0.08283708703930383,1.0175840580996778
-0.02119738890168077,0.011197388901680769,0.18315573936491955
-0.06683158400951533,0.05683158400951533,0.09341460625366871
-0.04735156110479993,0.03735156110479993,1.1309149964754268
0.03968599433228609,0.029685994332286088,0.9591025918761774
0.042058254532525596,0.032058254532525594,0.036235755506818255
0.0198008659317761,0.009800865931776101,0.17321045321788012
-0.050220121116676286,0.040220121116676284,1.362290934974532
-0.07461703546749532,0.06461703546749532,1.2544630809633472
-0.1218344266365548,0.11183442663655481,0.76339615416921
0.010161775063966927,0.00016177506396692666,1.0194382409005578
0.06318897096303588,0.05318897096303588,2.128539210348791
0.10118212500179596,0.09118212500179597,1.165350355760055
0.05742053390680202,0.047420533906802016,0.7568894771578064
-0.07218384642213976,0.06218384642213976,0.3386197339915507
0.035691489561474166,0.025691489561474164,0.8497783114765289
-0.1511544079700522,0.1411544079700522,0.5154087122148107
-0.04968511514793861,0.039685115147938606,1.22183480509178
0.06468553158847068,0.05468553158847068,1.1131090432225943
-0.05042951250655159,0.040429512506551586,1.0865362379691228
0.020578595559704205,0.010578595559704205,0.9604854644932314
-0.010558955263616943,0.0005589552636169424,1.3488765639681493
0.04152643492925168,0.031526434929251675,1.1384429477231637
0.044934144340395776,0.034934144340395774,1.52066475120877
0.08960502783996338,0.07960502783996339,1.2056724005871513
3.1438800924654675e-05,0.009968561199075346,0.03210048326402475
0.0027244881204914195,0.007275511879508581,0.01443084797551594
0.04168719776839391,0.03168719776839391,0.2603478724756486
0.028850689313455635,0.018850689313455633,0.022615586452838846
0.03855053866334107,0.02855053866334107,0.043931540433961046
-0.04244225279848468,0.03244225279848468,1.7445469136176213
0.06122770649129228,0.051227706491292276,1.6213622402248864
-0.007311434963191754,0.002688565036808246,0.020220603638175683
0.04220210190209839,0.032202101902098386,0.8268950840580603
0.02451029257455617,0.01451029257455617,1.2561669697417903
0.12276511716643418,0.11276511716643418,0.6987389289525525
-0.07771977753837073,0.06771977753837073,1.6594937233300635
0.01854967812130448,0.00854967812130448,0.02075900404857146
0.07525245411732184,0.06525245411732185,2.053735502332998
0.023182130481304908,0.013182130481304908,0.004432247094315346
0.054358412222811237,0.044358412222811235,0.13300245700684432
0.02258355051775429,0.012583550517754291,1.1041165176415364
0.02375579152028573,0.01375579152028573,0.9655305244007569
0.025747307237577233,0.01574730723757723,0.7675679316009199
-0.041214942418766,0.031214942418765997,1.2137435223582265
-0.02089897433095622,0.010898974330956221,0.009653419712699061
-0.03664074436183984,0.026640744361839837,1.347362147012558
-0.07376310760346377,0.06376310760346378,0.5188883934234927
-0.04008839293410282,0.03008839293410282,0.051892324864897824
0.0683894006013161,0.058389400601316095,1.5438141487473798
-0.046939150423781495,0.03693915042378149,0.09377973710604279
-0.032884505533497144,0.02288450553349714,1.2218750388973987
-0.07490191151938336,0.06490191151938336,0.9959931837087257
0.035969940124231825,0.025969940124231823,0.0357056669442296
0.04587389618761539,0.03587389618761539,0.7620249213466052
-0.011771142056999251,0.0017711420569992507,0.21154576988108062
0.039678770137125396,0.029678770137125395,0.6277460015951165
0.036346234309755365,0.026346234309755363,1.2198851951308276
-0.08164493031984232,0.07164493031984233,0.8700201872231073
-0.01463116217667293,0.004631162176672929,1.3441172668427919
0.023754044325824453,0.013754044325824452,0.9374840281530527
-0.04182019695742717,0.03182019695742717,0.32060512617867076
0.04239359653284397,0.03239359653284397,0.013800380689379815
0.038647761170124306,0.028647761170124304,0.02430971279823916
0.14403331696037291,0.1340333169603729,0.46873550091431004
-0.05146138224217667,0.041461382242176666,1.0572950418511002
-0.016913028207104053,0.0069130282071040525,0.9082228124555242
0.10006691210976343,0.09006691210976343,1.591959723767279
-0.08818571335228376,0.07818571335228376,0.38224936776091667
-0.04394325030451851,0.03394325030451851,0.21117388967312384
0.08517072703516715,0.07517072703516715,1.5319121373121143
0.08871138466358808,0.07871138466358808,0.22058470244088554
0.07984177950559074,0.06984177950559074,0.8537293934629332
0.053337709642969466,0.043337709642969464,0.24025006798954648
0.06514657899270104,0.05514657899270104,0.6300224336860606
-0.010782038893976442,0.000782038893976442,2.2779117600163894e-05
-0.05885538616969943,0.04885538616969943,0.11031490138411357
0.08839096139095048,0.07839096139095049,1.1001636825212855
0.008520391290737117,0.0014796087092628831,0.780498118073795
0.04528267153164006,0.03528267153164006,0.8396682424193197
0.0011272211650277253,0.008872778834972275,0.010185034297629458
0.02802469486734449,0.01802469486734449,0.8853253207030601
0.019022653858941085,0.009022653858941085,1.4057092284165096
0.051520600918980974,0.04152060091898097,1.1190384801289512
0.07423424027091519,0.06423424027091519,1.1287577753616933
-0.03994370102717154,0.02994370102717154,0.030451236258142632
-0.023379411921161553,0.013379411921161552,0.035253040907261404
0.08182260486914994,0.07182260486914994,1.4212231688133017
-0.02214025396037178,0.01214025396037178,0.382631819500134
-0.05772171263668685,0.04772171263668685,0.1513260743387717
0.0641944997953251,0.0541944997953251,0.08657593393945973
0.02958469959708021,0.01958469959708021,0.9278770274921342
-0.07746805394998102,0.06746805394998102,0.7976244266946505
-0.019190173953946454,0.009190173953946454,0.0613951650171748
0.044243439761508185,0.03424343976150818,0.308525994434307
-0.020102117350499327,0.010102117350499326,0.5690529813420053
-0.05386149649056471,0.04386149649056471,1.2608848855788544
-0.058568307411205445,0.04856830741120544,0.2876897272627413
0.10846514665965656,0.09846514665965657,1.4240625544996015
0.07530368672267351,0.06530368672267352,1.3969945046697603
0.004317442029132257,0.005682557970867743,0.44823196606339194
0.07668086066196877,0.06668086066196878,0.27741301396589707
0.014231328205354554,0.004231328205354554,0.00048218116387944683
-0.0019553575275165214,0.008044642472483479,0.04042871882141084
-0.034109666377814596,0.024109666377814594,0.9192488705585663
-0.1234357964033691,0.11343579640336911,0.8520735539858735
0.13516845312518594,0.12516845312518593,2.292071926366042
-0.01136637919945499,0.0013663791994549899,1.3326908780092106
-0.09157002369661205,0.08157002369661205,1.0762232962047547
0.07346488911214943,0.06346488911214944,0.609039472246095
-0.02915390273896623,0.01915390273896623,0.644029467907331
0.004423414642582224,0.005576585357417776,0.006587946346213216
-0.08842994827947731,0.07842994827947732,1.9686008422383066
0.02053406142322156,0.010534061423221561,0.0047834976711853125
-0.00602762115288924,0.00397237884711076,0.06813374503997051
0.03957512959409004,0.02957512959409004,0.4454462860019253
0.10580803136511219,0.09580803136511219,1.1975011496380417
0.08132127194718958,0.07132127194718958,0.15434335695715576
0.0711063076145747,0.0611063076145747,1.6721221067773222
-0.05159355063586524,0.041593550635865235,0.7503199297301315
-0.013365662792801658,0.003365662792801658,0.0034908458045527896
-0.002445445172871985,0.007554554827128015,0.1075514883235515
-0.06677472950443358,0.05677472950443358,0.9443451907151368
-0.06367594988925646,0.053675949889256454,0.0689382156167056
-0.005595572871538057,0.004404427128461943,0.007461243874417709
-0.02180002143531512,0.01180002143531512,0.00603487686492559
-0.01000388435777666,3.884357776659866e-06,1.276765755542863
0.030773466491385237,0.020773466491385235,1.4955206089721509
0.07987284983748094,0.06987284983748095,0.7787347992610759
-0.019769313238254038,0.009769313238254038,0.6164503497598851
0.06179966445095886,0.051799664450958856,1.0811816884518666
0.029508490784471153,0.01950849078447115,0.038155920992740476
-0.07800856824628671,0.06800856824628672,0.1907484924160545
-0.0945433057145898,0.0845433057145898,1.2361694019284937
-0.09781336040037314,0.08781336040037314,1.011495355462161
0.07256258660253534,0.06256258660253534,0.5275076160127169
-0.01752591568318096,0.007525915683180959,0.01216598777987208
-0.003567929485341015,0.006432070514658985,0.0107541524308026
0.009238916567135713,0.000761083432864287,0.0008078644590471707
-0.11405792385401153,0.10405792385401154,1.2639008945631367
0.053064378931073075,0.04306437893107307,0.9501507297026938
-0.06625275522968643,0.05625275522968643,1.7302555324808333
0.0773406170900533,0.0673406170900533,0.14580346550123519
0.04373626574388234,0.03373626574388234,0.1949762026767809
-0.008321518620142854,0.0016784813798571465,0.9053300689446124
-0.02206617743343542,0.012066177433435419,1.305673674935099
-0.08903580413825424,0.07903580413825424,1.1833930102587908
-0.0499219461644933,0.0399219461644933,1.1923720783962974
-0.07372523716267704,0.06372523716267704,1.2738749529618492
-0.04064488206163497,0.030644882061634966,0.5419952982783689
0.032847437132372204,0.0228474371323722,1.4507678925408476
-0.061624207153777755,0.05162420715377775,0.05919616105449942
0.01703462121574073,0.00703462121574073,0.0027484263333723007
-0.004276716932004598,0.005723283067995402,0.0052855798481326625
-0.031441247034484865,0.021441247034484863,0.01941312321096486
0.02363617865585127,0.01363617865585127,1.850614255877131
0.08120298483223187,0.07120298483223188,0.35538880888290086
0.013663453094242883,0.003663453094242883,0.0015992000295393441
-0.09657202083650257,0.08657202083650258,2.1383218373906514
-0.0007701357141974841,0.009229864285802516,0.012372698877099932
-0.06485290873749622,0.054852908737496216,1.133936645232793
-0.002323749246034734,0.007676250753965266,0.007753913486891664
0.05295405567698036,0.04295405567698036,0.07720225569481728
0.011436897940650614,0.0014368979406506142,0.0002799813075097192
-0.0022500113820541068,0.007749988617945893,0.015240989980028046
0.003758939764689495,0.006241060235310505,0.10898323225285994
-0.00235140766571057,0.00764859233428943,0.05966004545607267
-0.010292219543303283,0.0002922195433032824,7.688418923530697e-06
-0.01778485728243634,0.007784857282436339,0.3067099127184699
-0.028267446959817477,0.018267446959817475,0.9630162850221247
0.020948326579047438,0.010948326579047438,0.028091566297074082
0.04774118629252683,0.037741186292526825,1.3140362505186673
-0.013658646734872548,0.003658646734872548,0.9713626481709237
0.03278922513229848,0.02278922513229848,0.3124195362553747
-0.08143904249813244,0.07143904249813245,0.8153453999762416
0.014764780790384235,0.004764780790384235,1.3776204014962996
0.005448070956875162,0.0045519290431248385,0.10023098245098602
0.06856553204595345,0.058565532045953446,0.09004046767710991
-0.050200207762963356,0.040200207762963354,1.6156463142227837
-0.022243567787661345,0.012243567787661344,0.8865346923678146
-0.048127666202844255,0.03812766620284425,1.906235681048631
-0.045305604440077585,0.03530560444007758,1.6948774198989671
0.0614947811371932,0.0514947811371932,1.9083467237264944
-0.02335521889358394,0.01335521889358394,0.9176836458326056
-0.028144975577681253,0.01814497557768125,0.7002060337989198
0.053103254634732755,0.04310325463473275,1.1949596843244177
-0.0804876858852992,0.0704876858852992,1.40314870081385
0.049757625626408064,0.03975762562640806,0.8089752706851269
0.02352890953382636,0.013528909533826359,0.3007692999612767
-0.038725079528825535,0.028725079528825533,0.8478941429428972
0.07969771288477162,0.06969771288477163,0.13858665705689682
0.02989089516648996,0.01989089516648996,0.018643565311970475
0.05078608812658053,0.04078608812658053,1.2638585382874554
-0.01689240371233336,0.006892403712333359,0.022679716869492435
-0.07325255793335617,0.06325255793335617,0.8009963771345813
0.04178302925989341,0.03178302925989341,1.4485048678358885
-0.0007363273724069752,0.009263672627593025,0.05324960803152441
-0.018761129397798837,0.008761129397798837,0.8328334475115239
-0.054184713759743264,0.04418471375974326,0.5583139923298436
-0.10304730656013811,0.09304730656013811,0.4600521770769124
0.022506075435585637,0.012506075435585637,0.3812536656180489
0.03737682313923013,0.02737682313923013,1.5817328571183848
-0.0034486949941638367,0.0065513050058361635,0.6856259209021072
0.006349684673166656,0.0036503153268333446,0.002629134834702637
-0.028047297594393616,0.018047297594393615,0.00992412638158185
0.030362349391494514,0.020362349391494512,0.013817191737783003
0.007503603585057861,0.0024963964149421394,0.3804421322662996
0.025924448148507195,0.015924448148507193,0.8700800340101602
-0.05731735864585186,0.047317358645851855,0.1021865597486881
-0.0701765446700498,0.0601765446700498,1.1215499523743986
-0.002834951262186469,0.007165048737813531,0.02253790898341988
-0.01494325400841423,0.0049432540084142305,0.004936959105692895
-0.04223522635250426,0.03223522635250426,1.599734384948108
-0.03065203870511468,0.02065203870511468,0.8668178308629527
-0.04566245785139983,0.03566245785139983,2.56923735343179
-0.10302012537831606,0.09302012537831607,0.1582105287244687
0.06300974323360581,0.053009743233605806,0.06255223155373757
0.00559908798088965,0.00440091201911035,0.008115432881835916
-0.01379652769138684,0.0037965276913868393,0.02321355625921711
0.01608446619899695,0.006084466198996949,0.005364715821186685
-0.029037017374182017,0.019037017374182015,0.7062148577792416
0.0015242262643935245,0.008475773735606476,0.09254656743399604
0.055652358571050775,0.04565235857105077,1.3873008377188902
0.0115342978269245,0.0015342978269244998,0.0006807526896198188
0.05271096435923672,0.04271096435923672,1.3294313036378456
-0.03317715422468831,0.023177154224688308,0.23131330400796324
0.0014058861632827435,0.008594113836717257,0.16438362674341322
0.046656454027045435,0.03665645402704543,2.363850805194642
0.0071268514973343855,0.0028731485026656147,0.0028916306419587497
0.08526905618116143,0.07526905618116143,0.10290198903696572
-0.02525470390378659,0.01525470390378659,0.3761551799217031
-0.06827896584005894,0.058278965840058934,0.9339718062942116
-0.05331130712768656,0.043311307127686556,0.342780595662222
0.0007963020870204729,0.009203697912979527,0.007763015966202962
0.06629273083419285,0.056292730834192846,2.697974143416143
-0.0016876515255436209,0.00831234847445638,1.087161787662916
-0.011802939411065139,0.0018029394110651385,0.0021512272309522386
0.026588543671712872,0.01658854367171287,0.010341934743571837
0.053523029058970106,0.043523029058970104,0.09734678418821323
-0.015697594409638138,0.005697594409638138,0.021995100240760023
-0.007018398222673694,0.002981601777326306,0.8479367502879294
-0.05096587078664838,0.04096587078664838,0.07787229232267513
-0.03634064999805592,0.026340649998055916,0.11959853125097428
0.061294868309835826,0.051294868309835824,0.03613894337223588
0.024936496152446752,0.014936496152446752,0.10691348346201035
-0.06083969069117129,0.05083969069117129,0.7233694043998641
-0.0042764571179627064,0.005723542882037294,0.10542301756801285
0.013589860589571345,0.003589860589571345,0.9691345332705109
0.01607067971305165,0.00607067971305165,1.0452261531626732
0.03371909755808156,0.023719097558081555,0.035101459854429876
0.1056072601519828,0.0956072601519828,0.14528833363910848
-0.006721092102195514,0.0032789078978044863,0.004658884356592756
0.039315216909696804,0.029315216909696802,0.12383882843614845
0.028621136945473413,0.01862113694547341,0.023872295479351772
0.06571208846649584,0.05571208846649584,1.0106778521350233
0.06659853229740503,0.05659853229740503,0.9472246272664806
-0.04892875180339762,0.03892875180339762,0.13583149480936513
0.013178636081599637,0.003178636081599637,0.0013241897189431385
0.08785918871880866,0.07785918871880866,1.1059843382660643
0.04407005878050946,0.034070058780509456,0.019307335472279082
0.04407234276298505,0.03407234276298505,1.3242087332178363
-0.03410164944427957,0.024101649444279567,0.012430055918165386
0.04679785980240425,0.03679785980240425,0.5020217963657082
0.03046625825383098,0.020466258253830978,0.9685540708681023
-0.059501590556398476,0.049501590556398474,1.1406329930078285
0.07925708524693242,0.06925708524693243,0.586355607601975
-0.14907999173006647,0.13907999173006647,1.9502793263903146
-0.04960637485113395,0.03960637485113395,0.6198124144450871
-0.02831944211614479,0.018319442116144787,0.02152814804365327
0.025747162924176392,0.01574716292417639,1.4333923429817066
0.06791538586715656,0.05791538586715656,1.193994359537236
-0.07311316780585464,0.06311316780585464,1.8391944584073407
-0.04245489686385301,0.03245489686385301,0.3694650062492431
0.04314610078229636,0.03314610078229636,0.6350352010813045
0.039655021773177423,0.02965502177317742,0.04634333040176626
-0.07835603944342912,0.06835603944342912,0.7926138656913772
0.03596791081639139,0.02596791081639139,0.7810116295973681
-0.06366271098654519,0.05366271098654519,0.7919340653151228
-0.028281760830493385,0.018281760830493383,0.4457052341796574
0.11671281912535647,0.10671281912535648,1.5653024664127548
-0.0023714331046499892,0.007628566895350011,0.06317304856898413
0.029893948820387928,0.019893948820387926,0.5929737168870987
0.006809069521403588,0.0031909304785964123,0.3003244003674219
-0.01209654893030776,0.00209654893030776,0.0026641654097820894
-0.0417901972145957,0.0317901972145957,1.2760499889277386
0.00992739825176614,7.260174823386055e-05,5.5413087976828486e-06
-0.052943945686151794,0.04294394568615179,2.2392845998348623
-0.05502611309651456,0.04502611309651456,0.8893721592047446
-0.04750655162080797,0.03750655162080797,0.7526570863141896
0.059105991486135545,0.04910599148613554,0.7627752016033585
-0.04629473189409894,0.03629473189409894,1.1699108855403624
0.07658453553623817,0.06658453553623818,0.23043924048820194
-0.051080199260831405,0.0410801992608314,0.6468993779551127
-0.050043650999946565,0.04004365099994656,0.6354456506898941
0.0019151322238081248,0.008084867776191875,0.00575742117459342
0.05629800340589286,0.04629800340589286,0.6475299938836868
0.007186739579867263,0.0028132604201327373,0.0004667106608828893
0.0045030808049191795,0.005496919195080821,0.055459043899342655
-0.037133266057935266,0.027133266057935264,0.061049362996335364
0.06700087903130791,0.05700087903130791,1.4319710379596158
-0.059815073499426274,0.04981507349942627,0.9798496679579365
-0.03306433497722827,0.02306433497722827,1.041884123512657
0.07874653798295672,0.06874653798295673,1.2166746962750663
-0.07233723188965002,0.06233723188965002,0.39776607553661103
-0.037836550404568514,0.027836550404568512,0.049430305584822636
-0.07955670679841187,0.06955670679841187,1.3906909564672636
0.02865802098680925,0.01865802098680925,0.039687413156693004
0.06611073507962795,0.056110735079627945,1.5511972473168671
-0.03169813489492834,0.02169813489492834,1.1226371583260728
0.06743031079598677,0.05743031079598677,0.9830106892534208
0.01491604264357832,0.00491604264357832,0.29361548952575134
-0.0565061809547408,0.0465061809547408,0.8257697705414566
-0.04814678611997636,0.03814678611997636,1.2440463357969274
0.002000911233140279,0.007999088766859721,0.07118018878761913
0.026297683730547416,0.016297683730547415,0.34865246316019394
0.014481294662630484,0.004481294662630484,0.011183255529389898
0.04243098272061213,0.03243098272061213,0.39890384879363283
0.009156377908161428,0.0008436220918385719,0.027932046309001164
0.04191967698634491,0.03191967698634491,0.07567924528370468
-0.016732366392791853,0.006732366392791853,1.6342124130556834
0.07092466314974133,0.06092466314974133,1.3816236651433131
0.01323998182957109,0.00323998182957109,0.004976918238912179
-0.0452612813554194,0.0352612813554194,1.2915252478799448
0.016814105147701208,0.006814105147701208,1.5568871906875983
-0.01947449099617682,0.009474490996176818,0.9015818700470222
0.11388435935832347,0.10388435935832348,2.063297918729971
-0.13906172798622052,0.1290617279862205,0.861297489353873
0.047233494743354254,0.03723349474335425,0.07481763203688865
0.012732670072051588,0.002732670072051588,0.9083009182860168
0.08350307864425921,0.07350307864425921,1.328811632633731
-0.030712363940333498,0.020712363940333496,0.06352811730076051
-0.05285903440900336,0.042859034409003356,2.109881222905184
0.05161366085552116,0.04161366085552116,0.056650502222165396
0.04724023615674683,0.03724023615674683,1.2194028489037132
0.03101668901020954,0.02101668901020954,1.1601325515239946
-0.04753478197285965,0.03753478197285965,0.26864437880985065
0.052546451332344035,0.04254645133234403,0.045428549982459494
-0.01065507137477556,0.0006550713747755597,0.38771831377447513
0.020324557354253148,0.010324557354253147,1.9114830856267426
-0.00944772144861128,0.0005522785513887209,0.3696582928436765
0.016391408223757398,0.0063914082237573975,0.6296895708409442
-0.03122676913829614,0.021226769138296138,0.8800285811866375
0.08347250545893564,0.07347250545893565,0.4506624777802999
0.00444685391299926,0.00555314608700074,0.6292278394538855
-0.04737409163333073,0.037374091633330726,0.15444617705112706
0.07002787870234267,0.06002787870234267,0.7880232240977152
0.028314996800701264,0.018314996800701262,1.1875531879718553
0.06045951545680578,0.05045951545680578,0.558702337612558
0.010057735078811136,5.773507881113617e-05,0.3075614507741175
0.042534236523166624,0.03253423652316662,0.036626153055378224
-0.022051620250688297,0.012051620250688297,0.016198566986121345
0.030018600868304324,0.020018600868304322,0.02599941167872798
-0.07635877786781875,0.06635877786781876,2.2828187096300017
-0.010082180974502919,8.218097450291874e-05,0.42272059185390787
-0.0671863169779372,0.0571863169779372,1.2811261565116143
0.001506503398230441,0.00849349660176956,0.03135869772800517
-0.0025466420094727438,0.0074533579905272564,0.049273063967682836
-0.10097703571444344,0.09097703571444345,1.470253791600328
0.06582934289298237,0.055829342892982366,0.07776252401072173
-0.009841065181826203,0.00015893481817379727,3.588115359768649e-06
0.015806225031864685,0.005806225031864684,0.0010762237405562071
-0.06573906518603723,0.055739065186037225,0.15784881776221277
0.11806327407069811,0.10806327407069811,1.1201055957509438
0.08030896615691441,0.07030896615691441,1.83065855480926
-0.06980467523036527,0.05980467523036526,1.2810012660661902
-0.030492700919455662,0.02049270091945566,2.30957696389722
-0.005590490495757217,0.004409509504242784,0.004289715269997174
-0.009884837658129864,0.00011516234187013662,0.03012026796429352
0.018421294408282718,0.008421294408282718,0.009620812752053459
-0.006006152391831554,0.003993847608168446,0.0006151848166264287
-0.04620518434025178,0.03620518434025178,0.028036085693006897
-0.02638658221051049,0.016386582210510488,1.2709238698456335
0.012486919417289855,0.0024869194172898543,0.8254151209722774
0.04324961209358302,0.03324961209358302,1.4367825798021274
-0.047499739120315854,0.03749973912031585,0.19175080376954903
0.0693433566266829,0.05934335662668289,0.17032447620113494
-0.013746112122172083,0.0037461121221720826,0.42982059130789596
-0.056787477341611325,0.046787477341611323,1.2409799010646783
0.03187720112277348,0.021877201122773478,1.3219445407092691
0.01671001952135498,0.006710019521354979,0.0019814218553208173
-0.07269887807716185,0.06269887807716186,1.291385456088313
0.0007139526829414433,0.009286047317058557,0.10025706261071637
-0.026100460962725003,0.016100460962725,0.013389042108588885
-0.0076385558809529686,0.0023614441190470317,0.0006449917285295398
-0.1466666881057802,0.1366666881057802,1.0240261919593279
-0.03493354720976144,0.024933547209761438,1.2537748714083525
0.06314499981750382,0.05314499981750382,0.11236272107790794
-0.06713609177351787,0.05713609177351787,0.3083875072266375
-0.07199207744977987,0.061992077449779866,0.12823058403245965
0.018978331421332262,0.008978331421332262,0.043114815298354536
-0.012501424793086469,0.0025014247930864684,0.25062659577506957
0.00886323404127437,0.0011367659587256298,0.0009669294061634765
-0.1143057399803089,0.10430573998030891,1.0409996236410646
-0.0020978173343759177,0.007902182665624083,0.15910946692822725
-0.012825911877145435,0.002825911877145435,0.8159786747904222
-0.01129157281155968,0.00129157281155968,1.7407699102715393
-0.045953264424825835,0.03595326442482583,0.32598361124404945
0.0582129230767775,0.0482129230767775,0.9268726843585615
-0.07691297862086172,0.06691297862086172,0.12172788306581087
-0.07803475799664883,0.06803475799664883,0.08867905052344309
0.027805845843050125,0.017805845843050123,0.6071581492455853
0.005792739593522445,0.004207260406477556,0.018345902525418224
-0.03879701095561605,0.02879701095561605,0.5621647893174034
-0.008285014528749635,0.0017149854712503656,0.07612456763902546
0.07830121753028507,0.06830121753028508,1.352916761391376
-0.03180174237634659,0.021801742376346585,0.2286043320804621
0.0395039828923156,0.0295039828923156,0.8092123560327917
-0.1354393984837396,0.12543939848373958,1.0948159886965516
-0.06468627157794937,0.05468627157794937,1.2460951197262726
0.003775471405857045,0.006224528594142955,0.008392133733322637
-0.02148371129649257,0.011483711296492569,0.012455559153426346
-0.025385788520879804,0.015385788520879804,0.031657736025945564
0.018226044379694828,0.008226044379694828,0.03708567436603223
-0.02273115786906338,0.012731157869063378,0.6650501602035732
-0.0572783058862219,0.0472783058862219,0.3768586792202576
-0.005118254625543939,0.0048817453744560615,0.0019387365262444512
-0.017635154605801784,0.007635154605801784,1.6659787374885582
0.019115539144026417,0.009115539144026416,0.014395082821026887
0.08945516749825044,0.07945516749825045,1.1084647817799462
0.02942310267186793,0.019423102671867927,0.2821726420136026
-0.005286527460904467,0.004713472539095534,0.03581533322406242
-0.07999864026176351,0.06999864026176351,0.9390435770829976
0.023092058987752795,0.013092058987752795,1.141918200011007
0.0071390529314009354,0.0028609470685990648,0.02264217507211797
7.843546096791831e-05,0.009921564539032082,0.01866665728553713
0.021613270987591415,0.011613270987591415,0.026513367181028542
-0.08450432354647963,0.07450432354647964,2.259047604315275
-0.007031854296210227,0.002968145703789773,0.000751548984859474
0.060743671509478736,0.050743671509478734,0.8871910095723606
0.06449956630954445,0.05449956630954445,0.08452501739128636
-0.0015633862261458242,0.008436613773854176,0.037417966533859946
0.0530926303466458,0.043092630346645795,0.05536729221322138
-0.004408030709306288,0.005591969290693713,0.13404493816044127
0.02868112651142385,0.018681126511423847,1.1844679082832366
0.007019601852737423,0.0029803981472625776,0.17173117200656138
0.014421334478066816,0.004421334478066816,1.1376854927560296
-0.01213900522773309,0.0021390052277330904,0.3231475073132692
0.019916733287376864,0.009916733287376864,0.38096788467444126
-0.027376674255904843,0.01737667425590484,0.41843228251906434
-0.03892575242133761,0.02892575242133761,1.0979577151068356
-0.06512212904857528,0.05512212904857528,0.6560063369275521
0.0145510292623654,0.0045510292623654,0.00512533483902443
-0.016948083144640358,0.006948083144640358,0.17725026857475637
-0.026478394438336217,0.016478394438336215,0.023168209309473456
-0.04881581220383596,0.03881581220383596,0.6712077200528926
-0.07583111813114751,0.06583111813114752,1.3942671752511122
0.04206444613447641,0.032064446134476406,0.9235661417600022
-0.06581629492715352,0.055816294927153516,0.1601355136152793
0.013137992519420605,0.0031379925194206047,0.15415875825187356
0.015557265744024662,0.005557265744024662,2.434264906769797
-0.04345679384310386,0.033456793843103856,0.03319305693787659
0.0651386561202521,0.0551386561202521,0.8692424842855072
-0.005820233337183511,0.004179766662816489,0.7718139672241897
-0.07353089138502739,0.06353089138502739,1.3150481207487779
0.016101473442075354,0.006101473442075353,0.36499799073233347
0.061173073251847065,0.051173073251847064,1.009163806394283
0.0690193780462523,0.0590193780462523,1.0704369042028552
-0.0022518099499115873,0.007748190050088413,0.294556464972483
0.012587526265902704,0.002587526265902704,0.5672348946113768
0.1037291709848292,0.0937291709848292,0.3821899924941412
-0.0003685634276666683,0.009631436572333332,0.04052687959455969
-0.009128702217453322,0.0008712977825466785,0.10868315465244903
0.09434620609648031,0.08434620609648032,1.717948306768198
-0.012783852061025391,0.002783852061025391,0.00025402032161961466
0.009964563803514681,3.5436196485319135e-05,2.283644873002752e-06
0.019481724526120625,0.009481724526120625,0.5152442640479363
-0.0279175578849013,0.0179175578849013,1.8048086227806166
0.04017808515079435,0.03017808515079435,0.4063952198812414
-0.053710698898614684,0.04371069889861468,0.6918928686016208
-0.08292809012177693,0.07292809012177694,1.207032114899856
-0.053188577386173774,0.04318857738617377,0.9370979374325396
0.03524307073922628,0.025243070739226277,0.20077362447436314
0.07191656840976451,0.06191656840976451,1.1598800223791914
0.062438442461154986,0.052438442461154984,1.234036750409093
0.0407463366178028,0.0307463366178028,1.4388882402346803
0.030485244133787615,0.020485244133787613,0.8478503145050155
0.056256444826846774,0.04625644482684677,1.5445842324151235
-0.02185694953912498,0.011856949539124981,1.4599781560928613
-0.1002476749359551,0.0902476749359551,0.200251468184345
-0.11291437253227515,0.10291437253227516,0.19625146906353808
0.011762688163613255,0.001762688163613255,1.025039699456142
-0.0323903235760436,0.0223903235760436,0.29739122476029195
0.009121642671062136,0.0008783573289378645,0.049684792538454925
-0.04202055822324269,0.032020558223242686,1.7843952726243832
0.00841745504353597,0.0015825449564640295,0.002270023380762892
-0.0035203992330481992,0.006479600766951801,0.439807986018778
0.06314204531661716,0.053142045316617155,0.04817083943155472
0.024217515383417876,0.014217515383417876,1.276883317394622
0.08666518593030492,0.07666518593030493,1.4617240863393823
-0.0468369144411222,0.0368369144411222,1.576051426412326
-0.009842517584698396,0.00015748241530160433,0.06363452784758059
-0.04580920547074785,0.03580920547074785,0.20156278490433913
-0.06658780732849962,0.05658780732849961,0.8464432472163195
0.0308074690577268,0.020807469057726798,0.23750383190296703
0.07517330699373703,0.06517330699373704,0.16675966174918563
0.10949101026965258,0.09949101026965258,1.0794395576882772
0.04819111001016457,0.03819111001016457,0.266333188324885
0.040757510474196235,0.030757510474196233,0.20971677377847142
-0.004100582656876739,0.005899417343123261,0.03516152534369227
0.040560402788414884,0.030560402788414882,0.7413195247032829
0.0286280794714599,0.018628079471459898,1.5017939611105322
-0.011079310800788555,0.0010793108007885552,1.1947590469589828
0.0878880187463067,0.0778880187463067,1.672491655394981
-0.03100261746593852,0.021002617465938518,0.015561732612976864
0.07008654425390803,0.06008654425390803,0.19723097994771674
-0.054422925312305304,0.0444229253123053,0.246979385225907
-0.04817923844089761,0.03817923844089761,1.1416342678783176
0.06805961058507481,0.05805961058507481,1.210551090754754
0.033202509664167545,0.023202509664167544,0.6679529389733716
-0.04833773544690351,0.038337735446903505,1.7652118012181988
-0.06943756166489007,0.059437561664890066,0.42874701999194914
-0.04358951675047462,0.03358951675047462,0.09496229911153735
-0.006705589106995813,0.0032944108930041873,0.08854158223350694
0.040449526443489425,0.030449526443489423,0.5730857560663785
0.1040205116076931,0.0940205116076931,0.4082163324386381
-0.031142135569195373,0.02114213556919537,0.22824008992809433
-0.011569757973774075,0.001569757973774075,1.9510672092846753
0.039289159575248145,0.029289159575248143,0.5093048159114885
0.04908205199437515,0.03908205199437515,1.0981470137337659
-0.0832731648444735,0.0732731648444735,1.5190592066889885
0.0027897057776331557,0.0072102942223668445,0.012728342663093155
0.14973594821712077,0.13973594821712076,2.0152235234531646
0.005499674093848439,0.004500325906151561,0.0016890242395845882
-0.08061110544154693,0.07061110544154693,0.8583448262764329
0.04659409438823192,0.03659409438823192,1.246539628158574
0.017555562073372943,0.007555562073372943,0.03447071795509446
0.027984570656747088,0.017984570656747086,0.015709561838524823
-0.061196133795607954,0.05119613379560795,1.8555799711344938
0.03780248410137094,0.027802484101370935,1.4377208718262977
-0.06744063813511525,0.05744063813511525,1.0044943332727159
0.05160143522857613,0.04160143522857613,1.1363279783625837
-0.018259015385293953,0.008259015385293953,0.006082294456691053
-0.10543032775440037,0.09543032775440037,1.6657492946717276
-0.07246044305033117,0.06246044305033117,0.41320543729805925
-0.01563168491111011,0.005631684911110111,0.03304717979410168
0.059014806011776944,0.04901480601177694,0.6655816483987428
-0.08997445533761966,0.07997445533761967,1.7126616550721065
-0.16217393316902834,0.15217393316902833,0.8234530698541083
-0.09006677425083787,0.08006677425083787,1.155209068111156
-0.07532998092977744,0.06532998092977745,0.2962799903201219
-0.05685258182770142,0.04685258182770142,0.7173189247615942
-0.12699334978441995,0.11699334978441996,1.0064986680034371
-0.08386114729300137,0.07386114729300138,1.1944019596424134
-0.0036103148489849413,0.006389685151015059,0.05118071199784712
-0.060549822231844075,0.05054982223184407,1.0271899170674081
-0.07158221343620841,0.061582213436208406,0.2873207244430368
0.04778722960823223,0.03778722960823223,0.4248703375221977
-0.004014200936044765,0.005985799063955235,0.9824662781576152
-0.05292132116441617,0.04292132116441617,0.05676409996009125
0.00916702817131737,0.0008329718286826295,0.8586789375488066
0.12187348018474509,0.11187348018474509,1.8600618171683592
0.12078854343374307,0.11078854343374307,1.4239547885161
-0.02316104256665591,0.01316104256665591,1.3167908610401111
-0.016312839670923007,0.006312839670923007,0.011753020797671652
-0.047151004786162576,0.037151004786162574,1.5110616622925825
-0.05165476983584122,0.04165476983584122,1.489544457139328
0.03231991952632496,0.022319919526324956,0.975096218848191
-0.019895271602105302,0.009895271602105302,0.0037588772997098393
-0.02348238018652732,0.013482380186527318,0.24697099940613207
-0.04943310374235249,0.03943310374235249,0.11347403764575224
0.17034298645168378,0.16034298645168377,0.965718006878856
0.08277345902253602,0.07277345902253603,0.181382571972396
-0.00728116915609045,0.00271883084390955,0.0019818616984773334
-0.021256584309985005,0.011256584309985005,0.019313525537441156
-0.012301928951339525,0.0023019289513395245,0.5408031640091893
0.07974481384254373,0.06974481384254373,0.4457351901252183
-0.10240431999234123,0.09240431999234124,0.6658432754946547
-0.0395929062674959,0.029592906267495896,0.8596413186239712
-0.022535927954407176,0.012535927954407175,1.3417791882010874
-0.07443126123700822,0.06443126123700822,0.4063563334709809
0.018801477301849112,0.008801477301849112,0.007023598245096757
-0.011789346695423253,0.0017893466954232527,1.6391726153377117
0.03461107585780576,0.02461107585780576,0.13046956319616745
-0.04287323388694059,0.032873233886940585,0.0633287064656889
0.08507981515231533,0.07507981515231534,0.30332711159360587
-0.0010727942387222522,0.008927205761277748,1.1624800215788045
-0.0005802986408298683,0.009419701359170132,0.0230298345573763
0.007741534165125574,0.002258465834874426,0.0035303632584375477
0.04966492484303564,0.03966492484303564,0.4398871680037088
0.03485182796684716,0.024851827966847158,0.6935533607683274
-0.073791249417612,0.06379124941761201,1.2259777467723267
-0.000809619958357044,0.009190380041642956,0.6578184946563337
0.0036954838737982554,0.006304516126201745,0.00581474639869573
-0.010736319408624406,0.000736319408624406,1.7575411966716192
-0.03299500566506974,0.02299500566506974,0.020524407038303646
0.09112215752573422,0.08112215752573422,0.8926011467213424
0.01917149509318561,0.009171495093185609,0.45701475624271454
-0.06142077241733285,0.051420772417332845,0.06607607817060779
-0.05563984716098641,0.04563984716098641,0.33834835790446866
-0.04826624732468765,0.03826624732468765,0.31505324344036745
-0.09225374885797577,0.08225374885797578,0.492792213456137
-0.0958228022164932,0.0858228022164932,0.8469427712722083
-0.010801126830295327,0.0008011268302953265,1.1195704510647848
0.0031565533255122347,0.0068434466744877655,0.0032530530515269686
-0.044938394141019855,0.03493839414101985,0.08829349818261545
-0.063928391164282,0.053928391164282004,0.7364742863648126
0.05542166904354551,0.045421669043545505,2.342917989872081
-0.11760275761991124,0.10760275761991124,0.4911303821774177
-0.07391274361360312,0.06391274361360312,0.6853233469991641
-0.05763282338871639,0.04763282338871639,1.3637114628048204
-0.03444848737042633,0.024448487370426326,1.4393917074814768
-0.022199137233747612,0.012199137233747612,0.15498065984958706
-0.04848297094982268,0.03848297094982268,0.3527598100292942
0.11403914193029818,0.10403914193029819,0.9904897942992119
0.04705651850581799,0.03705651850581799,0.9556177793456286
0.01761809287759797,0.007618092877597968,0.008547461578898616
0.02943478961780438,0.019434789617804378,1.0295306449651453
0.0013683234269558087,0.008631676573044192,0.07085021784691241
0.0029792726377403933,0.007020727362259607,0.003721592332431486
0.01897698717753671,0.008976987177536708,0.0029963652600479085
-0.061349037219891045,0.05134903721989104,0.7777811098935161
-0.0738694612174352,0.06386946121743521,0.2515404994157222
0.04772822971519358,0.03772822971519358,0.055890895240289236
0.021830742034836537,0.011830742034836536,1.1511783238530744
-0.05229043509098641,0.04229043509098641,0.8468963929173166
-0.12924506208555275,0.11924506208555276,1.6544684596923667
-0.011496055707104214,0.0014960557071042133,0.011744782819219209
-0.021849737022687443,0.011849737022687443,0.008460550437456632
-0.0382368133126918,0.028236813312691796,0.35350893908105696
-0.05680372703160402,0.04680372703160402,1.0032368547371413
0.03144007615607247,0.02144007615607247,0.16965330394950243
0.04177997711892223,0.03177997711892223,1.696109224861872
-0.11320221753041704,0.10320221753041704,0.9205056658755412
-0.022299735720472336,0.012299735720472335,0.5470964960766477
-0.09307850128874517,0.08307850128874518,1.2799059157358417
-0.04332649543764,0.03332649543764,0.33387084847214815
-0.01948331189154845,0.009483311891548449,0.012457736603555293
-0.044882228794435375,0.03488222879443537,1.117393132531499
-0.018228508141318267,0.008228508141318267,0.002488416018638056
0.006574139984248273,0.0034258600157517274,1.0139412368335294
-0.06015864341492583,0.050158643414925826,0.09014445345012095
0.004919883020618299,0.005080116979381702,0.03610772444756542
0.050395724330718594,0.04039572433071859,0.42560242763744327
-0.0497255749335358,0.0397255749335358,0.04692724257532391
0.004693563194452244,0.005306436805547756,0.012500993620934582
-0.02657291369244924,0.01657291369244924,0.17190305453197005
-0.1197154340624541,0.10971543406245411,0.11638700344096753
-0.12835288161690322,0.11835288161690323,0.36129217638758854
-0.04505140682304731,0.03505140682304731,0.06508416833731138
0.00516812656691068,0.00483187343308932,0.007511162097271829
0.05586746050268954,0.045867460502689535,0.13581774280075007
0.004618092614474545,0.005381907385525455,0.1092122620797224
-0.03780452833076858,0.02780452833076858,0.8662492124038776
0.039411278587746956,0.029411278587746954,0.5574517418637895
0.015327794770756076,0.0053277947707560756,0.5345750493638239
0.033075746598053846,0.023075746598053844,0.891400159946118
-0.1269610506874218,0.11696105068742181,1.0652452767279708
0.016654637121376215,0.006654637121376214,1.4259342897165848
-0.07831930254233815,0.06831930254233816,0.7271377597357044
0.05828489006048565,0.04828489006048565,0.05400293429260386
-0.04897275681479818,0.03897275681479818,1.249450338762848
-0.06844381935885002,0.05844381935885002,1.0334758546481597
-0.022086798131436547,0.012086798131436547,0.7675627745487799
-0.11237019291137074,0.10237019291137074,0.3172405217331222
-0.04549774912054222,0.03549774912054222,0.11321704473400022
0.0316366608336896,0.0216366608336896,0.06684674305908476
0.001154151095042133,0.008845848904957867,0.054421871869988675
-0.04030253657133109,0.03030253657133109,1.239565479680777
0.06587746587589782,0.05587746587589782,1.4933048612490252
0.006208731038844784,0.0037912689611552166,0.002598014290841214
-0.061382006627120456,0.051382006627120454,0.8086036763711004
0.10075951477731737,0.09075951477731738,0.11704850476512699
-0.03381336385111666,0.02381336385111666,0.6689680106127939
-0.013667227430283868,0.003667227430283868,1.3047090636193461
0.020594366844544743,0.010594366844544742,0.21012894826471196
-0.04704549309710859,0.03704549309710859,1.3101719864961248
0.06273801159278836,0.052738011592788354,0.36140775387360047
0.017088348530425068,0.007088348530425068,0.009285310573099635
-0.04477144423792023,0.03477144423792023,0.14641699491367613
0.012847979357941852,0.002847979357941852,0.001773143958772612
0.13190394435500347,0.12190394435500347,1.4278785565715069
0.01874646989064921,0.008746469890649209,0.14066999673752761
0.015915671145589727,0.005915671145589727,0.2721511957119728
-0.15237460390738267,0.14237460390738266,1.0109087628170548
0.020976303769421445,0.010976303769421445,0.01565785223932139
0.011369926430939592,0.0013699264309395918,0.000552357274218261
0.09091940253307329,0.0809194025330733,1.5143286402047516
0.030767602319861864,0.020767602319861862,0.22017020940383047
-0.007650422007229096,0.002349577992770904,0.0007477264343502702
0.033307064381287665,0.023307064381287664,0.044998066101251254
-0.022229463021074647,0.012229463021074647,1.8083051089633393
0.03976095848974065,0.029760958489740648,1.4677078389797282
-0.11024619331477381,0.10024619331477382,0.602228055346622
-0.03651298973692724,0.026512989736927235,0.1351483891989947
-0.06899791008916689,0.05899791008916689,0.5888425662028218
-0.00984616697369689,0.00015383302630310978,2.1901713128211426e-05
-0.0786358337085441,0.0686358337085441,0.5494337756426656
-0.15127166098491168,0.14127166098491167,0.8018637955273553
0.03467530052069112,0.02467530052069112,1.1993975623317596
-0.06906722216547417,0.05906722216547417,0.6848511862990742
-0.03716868965273412,0.02716868965273412,0.025940613392228654
-0.05093254969913791,0.040932549699137906,0.07031986590050147
0.044971019473147855,0.03497101947314785,1.467519363405265
0.023100463712220687,0.013100463712220687,0.026191193363180387
-0.15226011337614082,0.1422601133761408,1.4184257798284348
0.07576788660999817,0.06576788660999817,0.06099238698603423
0.006767833244639032,0.003232166755360968,0.11386504827482336
0.057336888205550496,0.047336888205550494,0.9333267407393184
-0.07998781680959521,0.06998781680959522,1.6584177102930817
-0.013144059584284884,0.0031440595842848838,0.1917179669793402
0.001690155414826644,0.008309844585173356,0.02707521476557378
-0.04528788145166146,0.03528788145166146,0.7978114460528702
-0.021692456911748315,0.011692456911748314,0.43116829862826883
0.013037000179733194,0.0030370001797331934,1.1408273455075888
-0.017231138188053885,0.007231138188053885,0.009011594912888013
0.0676708495755175,0.0576708495755175,1.6125975306594347
-0.03577510448038057,0.02577510448038057,1.2010908614934201
0.07314686840216567,0.06314686840216567,1.826785921675022
0.05039145155611979,0.04039145155611979,0.7630508558224985
-0.0784242378165883,0.06842423781658831,1.148845700254133
-0.008127089397125586,0.0018729106028744138,0.06090116998959113
0.07191326562138334,0.061913265621383336,0.8585025126693947
-0.04511126556236589,0.035111265562365886,1.1696029357673177
0.033194212141293034,0.02319421214129303,1.7992751842666674
0.10196331215568027,0.09196331215568028,1.4043845879362287
0.03302717318863657,0.02302717318863657,0.4196859586041499
-0.06836450868552812,0.05836450868552812,1.9850366426833315
0.004254659749929224,0.005745340250070776,0.02689014507682337
0.057985554011020235,0.04798555401102023,1.0451070616947236
0.021381321442781043,0.011381321442781043,0.31473175783053625
0.0381821729638373,0.0281821729638373,0.18948530425422086
0.03907039493558767,0.02907039493558767,0.6589410015753875
0.09373149001332903,0.08373149001332904,1.1113647743154507
0.03095771252466628,0.02095771252466628,0.814892450473956
0.09217786177693421,0.08217786177693422,0.10959158617625084
-0.025601122948652688,0.015601122948652688,0.5298369172047172
0.10757479028000749,0.0975747902800075,0.32690385236252134
0.043849595269048025,0.03384959526904802,0.8628602887604803
-0.09204203903625024,0.08204203903625025,1.632589067882779
0.0161099912764906,0.006109991276490598,1.0685945044043772
-0.05835683956892512,0.04835683956892512,1.2358499877188576
0.09498055959543589,0.08498055959543589,0.3564703086927005
0.0498140730247959,0.0398140730247959,0.11576739754842605
0.003211869474362916,0.006788130525637084,0.005880825171471368
0.1863340818900211,0.1763340818900211,0.8017411281863507
-0.03907336046574256,0.029073360465742555,0.33057648361159336
0.03913400702562597,0.02913400702562597,0.05815928669925661
-0.09456961354065685,0.08456961354065685,1.397611836082749
-0.0743390705939711,0.0643390705939711,0.09134031097515632
-0.11964201779896971,0.10964201779896972,1.6628763606332628
0.01952473145015171,0.009524731450151711,0.664639426380266
0.08433688779305182,0.07433688779305182,1.398555720916011
0.001397908220866606,0.008602091779133394,0.30113941993255394
-0.053217326483533944,0.04321732648353394,0.8234463778745722
0.08138202505353881,0.07138202505353881,0.236931393864299
0.00714431501449353,0.0028556849855064705,0.0008368088572639511
-0.07014593413903969,0.06014593413903969,1.0185437504579908
0.12212061311517503,0.11212061311517503,0.18425957519753378
-0.07119258059194045,0.061192580591940444,1.2414990510166504
0.11749315591098863,0.10749315591098864,1.0691154918780226
-0.13985094782023755,0.12985094782023754,0.4099071606647945
0.08113170099292255,0.07113170099292256,1.561521165325535
-0.019155785196534214,0.009155785196534214,2.050695632719059
9.534384042664268e-05,0.009904656159573358,0.6960697101924516
-0.040144323683728556,0.030144323683728554,0.7919347217925318
0.10645269170941818,0.09645269170941818,0.6639355874367461
-0.07135730980283489,0.06135730980283489,1.5781416548257845
-0.0039336632184624465,0.006066336781537554,0.018306854659622368
-0.010089969692682943,8.996969268294276e-05,0.00015918881989814782
0.09365415059561827,0.08365415059561827,0.510032934950473
0.05607795927013698,0.04607795927013698,0.14278178809807912
-0.021428444697799254,0.011428444697799254,0.23299322821903382
-0.04453210012016173,0.03453210012016173,0.05618268835576373
-0.05127257318136369,0.04127257318136369,1.1704859770918201
-0.03542265510927156,0.02542265510927156,0.9298903039137599
-0.017488396770210413,0.007488396770210412,0.030974986708287498
0.08296482403445005,0.07296482403445005,0.13644929890756366
0.0327775480587309,0.022777548058730897,0.01593811987276461
0.005058683975889711,0.00494131602411029,0.004973371063152738
-0.01029115692723842,0.0002911569272384205,1.5740584781090534e-05
0.0945007078697947,0.0845007078697947,2.023590912936583
-0.042225179948974734,0.03222517994897473,0.30134413931038734
0.014411246327780403,0.004411246327780402,0.009806604397109278
0.007582612784140241,0.002417387215859759,0.0005406615127086015
0.06697069816800216,0.05697069816800216,2.0767273849712704
0.026078493920054457,0.016078493920054455,0.017368881251708757
-0.0935690082147021,0.0835690082147021,0.9935356173623948
-0.005145459923222795,0.004854540076777205,0.05792811548861921
-0.017583198511262,0.007583198511261999,0.002414838955064376
0.038128234148806506,0.028128234148806504,0.4252283924527272
-0.09364032134841505,0.08364032134841505,1.5113396336679137
-0.07177785753706434,0.061777857537064336,1.0679764302045311
-0.04553658523169579,0.03553658523169579,0.043520834306338595
-0.03276234916935561,0.022762349169355607,0.7576236601748453
-0.06632141179822026,0.05632141179822026,0.7505014665906475
-0.13018466917978894,0.12018466917978894,1.2628675909325444
-0.1123135825929778,0.1023135825929778,0.22213437077792503
0.005049000607495524,0.004950999392504476,0.7440887028057601
0.1008006801746903,0.0908006801746903,0.35601123073230306
0.015339059303430269,0.005339059303430269,1.915871101779402
0.035635656543283045,0.025635656543283043,0.0453522326190311
0.13901550904556242,0.12901550904556242,2.0332179678459226
0.0732124730321509,0.0632124730321509,1.275928672465813
-0.12603838450556526,0.11603838450556526,0.17876614934501783
-0.0008159060668902485,0.009184093933109752,0.08255616567473853
-0.04094529893952964,0.030945298939529638,1.202936689880666
-0.04919046666629756,0.03919046666629756,0.5060845164114898
0.05281672224106759,0.04281672224106759,1.5299314377426751
-0.05139537274359357,0.04139537274359357,1.3379249865761076
-0.027682551100212782,0.01768255110021278,1.7930375168180097
0.08725310755467741,0.07725310755467742,1.3628852218885834
-0.06362335169360928,0.053623351693609274,0.2864411570101757
-0.011323699355510308,0.001323699355510308,1.4240743885499567
0.03314172397014903,0.023141723970149027,0.017157437721432724
0.028497454956209534,0.01849745495620953,0.9132797148102817
0.06167694664689577,0.05167694664689577,0.0798859389180121
0.10199874013584936,0.09199874013584937,1.1381350820551674
-0.004617772035065193,0.005382227964934807,0.004509532646125478
-0.033314507578319996,0.023314507578319994,0.25201973441736497
-0.015089893707171731,0.005089893707171731,1.1880607310488036
0.026957382676056796,0.016957382676056794,0.9258588740181156
-0.029639918672652088,0.019639918672652086,0.8415777205910568
0.004086947250393935,0.005913052749606065,0.0814755275726373
0.018039412723904413,0.008039412723904413,1.03397129036871
0.03702162675295628,0.02702162675295628,0.32003235822141834
-0.16140431409058853,0.15140431409058852,0.7432404837544074
0.029872277391975677,0.019872277391975675,0.008418841428519697
0.00048047913549220667,0.009519520864507794,0.018108870141799915
-0.07283601424642161,0.06283601424642161,0.1287815062715074
-0.019101257534080485,0.009101257534080484,0.6637298684154018
-0.09848161563777935,0.08848161563777936,0.2619339855837361
-0.026350725656753338,0.016350725656753336,0.49908837490371055
0.06752458141572809,0.05752458141572809,0.8952536336258347
-0.0489629861605278,0.0389629861605278,1.1419959874935606
-0.08817511592305927,0.07817511592305927,1.1728355461989914
-0.0769181041330711,0.0669181041330711,0.14433007452800936
-0.01668014546940705,0.006680145469407048,0.2955699441132297
0.18982309579911627,0.17982309579911626,0.8791099687185305
-0.02126894286844716,0.01126894286844716,0.06722533060798008
-0.0915595836957212,0.08155958369572121,1.213571343499145
0.04612732825274918,0.036127328252749176,0.49968443593471085
-0.04161511117589328,0.03161511117589328,0.9230773120224874
0.003615400571207905,0.006384599428792095,0.006670290690194021
0.004253262427951099,0.005746737572048901,1.1904396801239268
-0.06367026193151165,0.05367026193151165,0.18751338901963066
-0.049607672013830095,0.03960767201383009,0.032266712712551555
0.02545405783417143,0.015454057834171428,0.025690485804490786
0.026399245521552595,0.016399245521552593,1.9656580567336133
0.008161515465795743,0.0018384845342042568,0.00018348562994683818
-0.058754617796627384,0.04875461779662738,1.190917344556106
-0.01599907560013958,0.005999075600139578,0.010431687770322632
0.01960829498370803,0.00960829498370803,2.267935023027638
0.028858394909595908,0.018858394909595906,0.9034706217072699
-0.024496678091169566,0.014496678091169566,0.025669586092916648
-0.05328309576962764,0.04328309576962764,1.5290231350614634
-0.1373507516807636,0.1273507516807636,2.2548848070967744
-0.00879061047618701,0.0012093895238129895,0.00023412139426057496
0.010190909594333553,0.00019090959433355238,1.2318780065562886e-05
-0.02261111223276613,0.012611112232766128,0.4510490513568285
0.05807580995874556,0.04807580995874556,0.377650894306269
-0.008255265661040845,0.0017447343389591554,0.6178095505079776
0.04230915851516792,0.03230915851516792,0.34507454604836274
-0.04103978843517814,0.031039788435178135,0.3925463526550027
-0.03749426704228581,0.02749426704228581,0.22330617919777296
0.053280076089498585,0.04328007608949858,0.17339990943297734
0.0256973361028196,0.0156973361028196,0.9151214668908679
-0.021431682319900336,0.011431682319900336,0.810544880554579
-0.0291147238378473,0.0191147238378473,0.01725989383318613
-0.0944894936710104,0.0844894936710104,1.5968664997920303
-0.15555093919806434,0.14555093919806433,0.9621629316667202
-0.004481560460797285,0.0055184395392027154,0.6959018393126929
0.0880373375789924,0.07803733757899241,0.07225608124017621
-0.03838087314787497,0.02838087314787497,0.048795993131501396
0.0853063989085937,0.07530639890859371,1.5582694135872939
-0.022097943754836313,0.012097943754836313,0.020034055246929538
0.053989932344448155,0.04398993234444815,0.06768841720664487
0.03253541678426208,0.02253541678426208,0.04412859647175446
-0.00021975389628026143,0.009780246103719739,0.019790888320974306
-0.05761314347575658,0.04761314347575658,0.06403952284927722
-0.017499898001373748,0.007499898001373748,0.011837371549814417
0.04998187930085918,0.039981879300859176,0.9939404352453668
-0.020468074415140647,0.010468074415140647,2.1043536839962225
-0.03702140198353332,0.027021401983533318,1.0977099542053468
0.14733455828326614,0.13733455828326613,1.107379944200139
-0.0049110081709258235,0.005088991829074177,0.7002769726160939
0.050137308421073334,0.04013730842107333,0.9421797671467644
-0.051497512879000173,0.04149751287900017,0.15160377752109086
-0.11140043909726666,0.10140043909726666,0.8663727235375768
0.03318493453448823,0.02318493453448823,0.016912846481098722
0.12306170288432217,0.11306170288432217,1.071500801302642
0.032259457500024014,0.02225945750002401,0.9744859468584376
-0.027735160299101003,0.017735160299101,1.4135610143773405
0.03610975533850219,0.02610975533850219,0.8637871955646035
0.04611031069269056,0.03611031069269056,2.5010411739230567
0.003237620177998113,0.006762379822001887,0.012464580149341447
0.01887401046595727,0.00887401046595727,0.06989870539041271
-0.05865735954405876,0.04865735954405876,0.20252367044437425
0.013123423402002898,0.003123423402002898,0.0012944624111391563
-0.027879077317958134,0.017879077317958132,1.2581100907770562
-0.04239849551913066,0.03239849551913066,0.036841541108390004
0.16954812122792134,0.15954812122792134,1.4284580493485972
0.00035624043658305515,0.009643759563416945,0.10363105806758416
-0.019360353511772288,0.009360353511772288,0.8379240087502171
0.03348839379895757,0.02348839379895757,1.2259179632529822
-0.016357186631730802,0.006357186631730802,0.48498974732551026
-0.08945310962906605,0.07945310962906606,1.1687687111451652
-0.020456590704630406,0.010456590704630406,0.5873689674274629
-0.08608000936787552,0.07608000936787553,1.8629334390515229
-0.008453795490550808,0.0015462045094491918,0.09184368329248732
-0.0016768028809966973,0.008323197119003303,0.1374739797192681
0.09252200042819603,0.08252200042819603,1.3657767617793573
0.031829480764892726,0.021829480764892724,0.5506134412053315
0.04949073006488036,0.03949073006488036,0.15633555480658734
-0.05771653307632307,0.04771653307632307,0.7586706731590235
-0.02312656309172728,0.013126563091727281,0.02173393084997724
-0.03666185778410924,0.02666185778410924,0.07574835760069164
0.06190199741668989,0.05190199741668989,0.8100984913396522
-0.005254179715598606,0.004745820284401394,0.0018559510322398224
0.0033330559598620524,0.006666944040137948,0.01230976958912748
-0.043440137513275634,0.03344013751327563,0.7568037466490951
0.09868963524634544,0.08868963524634545,0.8841242290501574
0.03526439567695849,0.02526439567695849,0.08550521131073038
-0.043153540050453576,0.033153540050453574,1.1512631218580112
0.014700944534230542,0.004700944534230542,0.5503265053135316
-0.011759734950961775,0.0017597349509617752,0.7401940150867002
-0.10994297752089821,0.09994297752089822,1.2891129310237992
-0.009043634774135723,0.0009563652258642776,0.35458310148579547
0.012595630301910354,0.002595630301910354,0.009655404534768559
-0.16183998226486296,0.15183998226486295,1.7204965855773728
0.036626289204977236,0.026626289204977234,1.3661400712663012
0.01262819767035328,0.0026281976703532803,1.3150996559605954
0.007512045043632509,0.002487954956367491,0.021978490086803065
0.018668680079123923,0.008668680079123922,0.0056316164383260515
-0.029639523565112458,0.019639523565112456,0.06964566953224888
0.043870749854879154,0.03387074985487915,0.5057660614646557
0.13453856279881804,0.12453856279881804,1.9295966378915856
0.05610875223641948,0.04610875223641948,0.5263396820438055
0.09850803793500923,0.08850803793500923,0.30670472345350125
0.033755191417305486,0.023755191417305484,2.0727022231615546
0.010668341023274852,0.0006683410232748519,0.19058396745221703
-0.009538729086573494,0.00046127091342650604,0.3114317304676827
-0.009396226574969524,0.0006037734250304762,1.7884995849967583e-05
-0.0642504700763879,0.0542504700763879,1.516776870101389
0.03053657850850433,0.02053657850850433,0.3465219392004042
0.05870225773174775,0.04870225773174775,1.3561766348760025
0.0428748514191874,0.0328748514191874,0.3281250360872356
-0.02628944189118998,0.016289441891189978,0.9307375595971189
0.004644492487770435,0.005355507512229565,0.0329888118875665
0.17555069424451314,0.16555069424451313,1.6712166138479287
0.013005149089205414,0.0030051490892054143,0.001715150185316973
-0.00902938603894543,0.0009706139610545696,0.10099570868794214
-0.05681259051265086,0.04681259051265086,0.09121930371577638
-0.05128039290253189,0.04128039290253189,0.324953028140808
0.005920871874911082,0.004079128125088918,0.005360418378065698
-0.08344294466650765,0.07344294466650765,0.8595614515999404
0.028262682779115478,0.018262682779115476,0.3454111200374652
-0.040377498586112004,0.030377498586112002,0.8022515079682232
0.03871165752720568,0.028711657527205676,0.35693553040253745
0.02294373420987078,0.01294373420987078,0.01136762266280883
-0.004299965085099222,0.005700034914900778,0.011584121353788234
0.025998160607988985,0.015998160607988983,0.7058225091269114
0.009469445715055758,0.0005305542849442426,0.00018058702488624761
0.04133703368434649,0.03133703368434649,1.1494909101034987
0.04210956054110293,0.03210956054110293,1.083327835487666
0.019770002478900983,0.009770002478900983,0.058284927869366315
0.050472964253210906,0.040472964253210904,1.5334115296946735
-0.04248390153659609,0.03248390153659609,1.028201396729225
0.1275181800910894,0.1175181800910894,1.0132917733527222
0.08833231011987408,0.07833231011987409,0.13457333029094098
0.06935973277818108,0.05935973277818108,0.29144989537879756
-0.031425395465897954,0.021425395465897952,0.0275705416322609
0.05297291268487997,0.04297291268487997,1.1954948333015896
0.06170723049716109,0.05170723049716109,0.9643640811511119
-0.036231664416044695,0.026231664416044694,0.00843285641349228
0.0009337318119249649,0.009066268188075035,0.0411399306552163
-0.08224110226904213,0.07224110226904214,1.1483621205508607
0.04969824889207819,0.03969824889207819,0.6435471522334483
0.0034554001123100475,0.006544599887689953,1.1983508953635018
0.09216755974936625,0.08216755974936625,1.4722469297191134
0.021509671448702805,0.011509671448702805,0.4055648183901271
-0.04403599614772463,0.03403599614772463,0.3765025825377604
-0.031482850467752344,0.02148285046775234,0.9639889318295566
0.06884348168371951,0.05884348168371951,0.15848322753043673
0.16963049535578806,0.15963049535578805,1.5648107245238398
0.049087526631170275,0.03908752663117027,1.4867770463496441
0.014251337553213173,0.004251337553213172,1.2024849002634024
-0.13568444359550397,0.12568444359550396,2.099275675116635
-0.02448171574032354,0.01448171574032354,0.419761071632203
0.0999310783559969,0.08993107835599691,0.23770011553691717
0.030520554237073116,0.020520554237073114,1.040736967910547
-0.031029227773050116,0.021029227773050115,1.1786315375762182
0.06009015211150831,0.05009015211150831,1.2779140506510398
-0.11401554626396737,0.10401554626396738,1.0729457131925049
-0.07681718095387968,0.06681718095387969,0.5285469607934832
-0.019445717819677577,0.009445717819677577,0.010200281264044648
0.03933211930000913,0.029332119300009125,1.9550498346188845
-0.03233662249057484,0.022336622490574838,0.010449497972465442
-0.030042196887757222,0.02004219688775722,0.31292135655280634
0.014363553697122833,0.004363553697122833,0.012456514053919237
0.018344308851608315,0.008344308851608315,1.3990814497669022
-0.0069518258503841746,0.0030481741496158257,0.00791692121136488
0.03643999776560808,0.026439997765608077,1.6201986475805137
-0.014749407395444336,0.004749407395444336,0.023318430165812164
-0.005274567576099232,0.0047254324239007685,0.0005923939990636726
0.07404661869734241,0.06404661869734242,1.436980344275621
-0.05322684289981161,0.04322684289981161,0.09442361462565607
-0.038477351131047555,0.028477351131047553,0.05682563862783149
-0.061638064687497274,0.05163806468749727,0.4888149527351692
0.0010145514154272783,0.008985448584572722,0.1278136140968681
0.03149225845117226,0.02149225845117226,0.5755762274015703
-0.006670152185485778,0.003329847814514222,0.017118153370879092
0.03449763153005847,0.024497631530058468,0.034425805133836
-0.06734703651158191,0.05734703651158191,0.08880399511820058
-0.06601886321517819,0.05601886321517819,1.1635982825933218
0.0022581218794320845,0.007741878120567916,0.04866444581312202
0.021017501187987953,0.011017501187987952,0.003305838610976561
0.10198438132441945,0.09198438132441945,0.8642807836565726
-0.055379436518216696,0.045379436518216694,1.396568307505558
0.00885918916070183,0.00114081083929817,0.31267150916940556
0.10151678872766828,0.09151678872766829,1.8345356217304165
0.0665359208035885,0.0565359208035885,1.2977853782484203
-0.0960961931852451,0.0860961931852451,0.9755326334819862
-0.044679877125184064,0.03467987712518406,1.1201381793590992
0.15742575337104547,0.14742575337104546,0.6381190361232723
0.0003789833810751153,0.009621016618924885,0.01771432054076165
-0.0047642999033774,0.0052357000966226,0.14082333753811316
-0.059693162213393214,0.04969316221339321,0.531632218423194
0.02083959555958592,0.010839595559585921,0.46955652907435225
-0.016818933685430082,0.006818933685430082,0.86876204983141
-0.05803642646764173,0.04803642646764173,0.20373110093776384
-0.012338906658648896,0.002338906658648896,0.07787575005337283
0.16559048916676883,0.15559048916676882,1.5526878840375227
-0.00878349355464314,0.00121650644535686,0.0001922638562961116
-0.005241320080205447,0.004758679919794553,0.03202447040734438
-0.10563728957525398,0.09563728957525398,0.6075601775782069
0.09750063681275417,0.08750063681275418,0.9515252432267274
0.03959320499723573,0.02959320499723573,1.0468753666292157
0.04361307890652488,0.03361307890652488,0.9224425787800189
-0.018390505609074514,0.008390505609074514,0.42918203378232084
-0.01795411144889686,0.007954111448896859,1.7957425318230458
0.006871242977165293,0.0031287570228347075,0.0020996702918649043
0.05812550354243229,0.04812550354243229,0.3403927285834933
0.017069789866390184,0.0070697898663901835,1.9741681469799817
0.012739606076821008,0.0027396060768210082,0.5127679604938308
-0.05726147167802709,0.047261471678027085,0.09333941050286257
0.03700126589936237,0.027001265899362366,1.1483779254177153
0.020629182647101563,0.010629182647101562,1.1293620594654916
-0.0870449629357809,0.0770449629357809,0.9883402342080767
-0.0627336266862939,0.052733626686293895,0.19419008292765702
-0.02994724408447047,0.019947244084470468,0.7762953757127319
0.020731212945350463,0.010731212945350463,0.3723617757235691
-0.023548945557810508,0.013548945557810508,0.5747318208636547
0.007966561399008143,0.0020334386009918572,0.027694099065345076
-0.03141878673070786,0.021418786730707857,0.010077291990345546
0.003298718670984302,0.006701281329015698,0.023349935370329852
-0.011130287631774483,0.0011302876317744823,0.2584120151511645
0.05524668217247547,0.04524668217247547,1.0473725564622933
-0.01972725139128284,0.00972725139128284,1.6017952815384382
0.02464300118046192,0.01464300118046192,1.681619361999891
-0.0943306991471014,0.08433069914710141,0.8763817144592629
0.03055705122249458,0.020557051222494578,1.3350634166550748
0.034250666397329654,0.024250666397329652,0.7853649114749583
0.03151951930964769,0.02151951930964769,1.2864809780168251
-0.06788525808443924,0.057885258084439235,1.2090400055412287
0.0012621196235170218,0.008737880376482978,0.012570425655831306
0.023305483093014834,0.013305483093014834,1.821868768584195
0.07011726357207926,0.060117263572079256,0.9886298200110457
0.10327142098089442,0.09327142098089443,0.22854654110964012
-0.0028661412886034077,0.0071338587113965925,0.02638572121835722
-0.0006462262848531131,0.009353773715146887,0.009903305300808511
-0.03744249622521867,0.027442496225218667,0.035635713564136674
-0.02975924616901182,0.01975924616901182,1.4476991935010841
0.09801012263209957,0.08801012263209958,0.8634016660860724
0.05836908147549602,0.04836908147549602,0.05007595956389357
0.01649250266448682,0.006492502664486819,0.3356761176096025
-0.07133128920096965,0.06133128920096965,1.3761989171252937
0.06997338924516405,0.05997338924516405,0.605213402570052
0.061924278369743235,0.05192427836974323,1.4654751860903614
0.01811320810079864,0.008113208100798639,1.0139868189675538
0.03914438317095864,0.02914438317095864,1.1373079214788857
-0.03204944963300671,0.02204944963300671,1.2986579209314444
-0.0075815917560524415,0.0024184082439475587,0.040676465721848826
0.01654317477758388,0.00654317477758388,1.1733329818597602
-0.16382673079474813,0.15382673079474812,1.149888136982339
0.012219236482724383,0.0022192364827243825,1.7319367974816644
0.01606962246060356,0.006069622460603561,0.013194607071954665
-0.024932877953812715,0.014932877953812715,0.009357062374277955
0.11687502389459375,0.10687502389459376,0.38321407957120285
0.013213595217122787,0.0032135952171227864,0.0011517215306318792
0.07859925385158634,0.06859925385158634,0.08714416146807732
-0.018526323410708256,0.008526323410708256,1.3305913057111405
0.006907791189942669,0.003092208810057331,0.004785352214616037
-0.01266259902739919,0.0026625990273991904,0.0007453611220203815
0.009137987404763903,0.0008620125952360971,0.8618265820663935
-0.0351833096358361,0.0251833096358361,1.323445712125797
-0.022600507333969178,0.012600507333969177,1.1437543763427085
0.07046648059196958,0.06046648059196958,1.2003659811033593
-0.005045357373104853,0.004954642626895147,0.01506190060655074
-0.00807636643935472,0.0019236335606452794,1.066879302676656
-0.01992663163160957,0.00992663163160957,1.5826091322327662
0.06691024295270565,0.05691024295270564,0.45848299154030464
0.1270142325821379,0.1170142325821379,1.2970085854979039
0.0344317318898657,0.0244317318898657,1.0596221314400633
-0.001561105642730154,0.008438894357269846,0.4674491299869626
-0.02405634335832396,0.014056343358323961,0.2076772731745954
0.08891805724949686,0.07891805724949687,0.5219505130140245
-0.09240731935600571,0.08240731935600572,0.46623860848454207
-0.007452623373183198,0.002547376626816802,0.017188081912007828
0.14153965817649533,0.13153965817649532,0.34344479232497344
-0.07850096045921184,0.06850096045921185,0.21845632458384173
-0.0030417591565194413,0.006958240843480559,0.01683780297248367
0.12685217662653142,0.11685217662653143,1.1564305296395845
0.05552010451876366,0.045520104518763656,0.7655198765127424
-0.0691736849168379,0.059173684916837894,0.5275945878692219
-0.014209624922384312,0.004209624922384312,0.00572341043248556
0.04604909152575565,0.036049091525755646,0.8047972446834522
0.004475446789875881,0.005524553210124119,0.030382492077564764
-0.004017434940050912,0.005982565059949088,0.000910331932121884
0.0013703635382537604,0.00862963646174624,0.0059103350413534025
-0.0789620847105299,0.0689620847105299,1.3851259144231505
-0.03709146475152675,0.027091464751526746,1.3702075046931277
-0.08272525964776495,0.07272525964776495,0.8177895792822301
-0.019684281876640175,0.009684281876640175,1.0335031825027423
-0.04972711647595479,0.03972711647595479,0.06257818932292554
0.04116281975911468,0.031162819759114675,0.47676597812464616
-0.017636997662479392,0.007636997662479392,0.031981682304425094
0.019043572745237713,0.009043572745237713,0.007195681484995015
0.040255800747168835,0.030255800747168833,0.07248164671903817
0.010750098936322006,0.0007500989363220054,0.002208180981811132
-0.003732955276993355,0.006267044723006645,0.7579366267742706
0.07507482221279538,0.06507482221279538,0.5076026905885999
-0.03900992137843784,0.029009921378437838,1.4523984865521395
-0.04510515990599451,0.035105159905994505,0.47396350839134016
0.0040231000383473825,0.005976899961652618,0.03985591642593342
0.07520876648108654,0.06520876648108655,0.09267708790514881
-0.07578023583494603,0.06578023583494604,0.8269898558149774
0.07906404483842422,0.06906404483842422,0.7820752434883745
0.11495666626741136,0.10495666626741136,0.893544488943223
0.14505194637987617,0.13505194637987616,1.1908163891165815
0.04857531180817243,0.038575311808172426,1.231358971215726
0.027682754178639912,0.01768275417863991,1.9537096287963522
0.06739337874734913,0.05739337874734913,0.07025944841023009
0.023524321781749902,0.013524321781749902,0.024160125344922213
0.05758305662127777,0.04758305662127777,0.06238865730397263
0.04560010768800543,0.03560010768800543,1.7622094245048205
0.05599047900154258,0.04599047900154258,1.359208256971641
-0.0272942511774395,0.017294251177439497,0.8128543924558516
-0.0341426109663347,0.024142610966334695,0.7890506649510374
-0.06193295444901631,0.05193295444901631,0.3737895086898542
0.14303888713985846,0.13303888713985845,1.1377474051409622
-0.011831444581333284,0.0018314445813332834,0.6282299091547074
0.04618794081447802,0.03618794081447802,1.3975875564282942
-0.14506810824276645,0.13506810824276644,1.5880509800408804
-0.02145489292464231,0.01145489292464231,0.014190818132468384
-0.11159849476176292,0.10159849476176293,0.4361001596220483
0.0009036319407961235,0.009096368059203877,0.6461452136055098
-0.0758581935472733,0.0658581935472733,0.7710418067645641
0.07148102813015672,0.06148102813015672,0.5863037672402529
-0.03895293232620256,0.02895293232620256,0.6057385034616816
-0.018763612555969922,0.008763612555969922,2.111162722556069
0.06173071198658159,0.051730711986581586,0.9558795624860569
0.11304450135405397,0.10304450135405398,0.32629882404065413
-0.02065713599486846,0.010657135994868458,0.002231879676659251
0.045253710173515316,0.035253710173515314,0.041242753443684846
0.051184456114375276,0.041184456114375274,1.479714143035158
-0.046098469855930246,0.036098469855930244,0.7573995610887352
0.042130192977267056,0.032130192977267054,0.04930761614302737
0.06173497254969923,0.05173497254969923,0.4344082649895609
0.04533959397618936,0.03533959397618936,0.2581944481790561
-0.06565691924249079,0.055656919242490784,0.9040733531379515
-0.11636815781989074,0.10636815781989074,1.1477030342388608
0.03606536133610072,0.02606536133610072,0.05388759933850638
0.04695772766718431,0.03695772766718431,0.9409682150426391
-0.04629594138587695,0.03629594138587695,0.6401008749869399
0.07020662071652717,0.060206620716527166,0.6322158268178005
0.06939166468354852,0.05939166468354851,1.2172614751017503
-0.13075106265845526,0.12075106265845527,2.7235718899847563
0.05541463677570119,0.045414636775701185,1.280345324043135
0.0193177633176167,0.009317763317616698,0.006812031084691515
-0.04504290623007612,0.03504290623007612,0.7595818158465311
-0.0204291319850623,0.010429131985062299,1.545380383423171
0.009399212023340708,0.0006007879766592918,0.0004484263453619984
0.019070982829798466,0.009070982829798466,1.056526848305329
-0.026876621340981177,0.016876621340981175,2.5432052902534914
0.015993219895138744,0.005993219895138744,0.008158674803053642
0.004234916135794464,0.005765083864205536,0.7851423134202073
-0.016581281343960363,0.006581281343960363,1.639845726795578
-0.0486306378725192,0.0386306378725192,0.07562437067096413
0.01977633059726447,0.009776330597264469,0.020103179041489193
-0.018415256907322874,0.008415256907322874,1.4771682927008498
-0.03244193683402358,0.022441936834023575,0.4446504517309465
0.0034183318241992056,0.006581668175800795,0.025867018086694157
-0.05317390654487458,0.04317390654487458,1.2560999667544956
-0.013415761757061384,0.003415761757061384,0.0015867933311272202
-0.07720813465241116,0.06720813465241117,1.3303450450484164
-0.04513185616193999,0.035131856161939985,0.06943249863663654
-0.005516453694038415,0.004483546305961586,0.02882480056434372
-0.0028985347259845584,0.007101465274015442,0.014818113969941428
-0.08389938945292563,0.07389938945292564,1.6297723066678622
-0.013315795615235493,0.0033157956152354926,1.1507866009583179
0.23499975210056268,0.22499975210056267,1.453644578373719
0.010445452169466019,0.0004454521694660183,1.1630596863978604
0.0011197018739194098,0.00888029812608059,0.6205078151665113
0.008021875510124732,0.0019781244898752683,0.03218242851110445
-0.04531068569382546,0.03531068569382546,0.044386642276999996
-0.11017003704868972,0.10017003704868972,0.11417616175297923
0.010396796655080198,0.000396796655080198,0.2323760183460726
-0.06525850817480477,0.05525850817480477,1.9258886619733415
-0.018777727419821588,0.008777727419821588,0.00349079067483188
0.0902429108944236,0.0802429108944236,1.359762085599243
-0.039956556919448716,0.029956556919448714,0.3883353536683118
0.09087910392374121,0.08087910392374122,1.4035759818908253
0.0107463774436386,0.0007463774436385993,0.000956524236654864
0.04594492150158341,0.03594492150158341,1.2174448082141502
-0.05123091164241089,0.04123091164241089,0.13639555099472825
0.03282092968683059,0.02282092968683059,1.3964609325219839
0.04293855660570012,0.032938556605700116,0.05010251834050205
0.1342606816003979,0.1242606816003979,0.8254841057005515
0.0246327559774443,0.014632755977444298,0.03396000095442565
-0.10027241292855626,0.09027241292855627,0.16555708711213227
0.07083880538221893,0.060838805382218926,0.07162502195055256
0.038987067483872206,0.028987067483872204,1.520619658784172
0.021851092743337075,0.011851092743337075,0.007561732746108271
0.0879135818701397,0.0779135818701397,0.3518233313918608
-0.015293133345398557,0.005293133345398557,1.5137003024977376
0.13799715299519816,0.12799715299519815,1.5182450017682612
0.12846002580302812,0.11846002580302813,0.8284073357710945
-0.07041666843755129,0.06041666843755129,0.23290109318430005
-0.08532415758223444,0.07532415758223444,2.0173362739916745
-0.06894955363843036,0.05894955363843036,2.0086319541923188
0.03648843003878388,0.02648843003878388,1.1031894159351212
-0.00041513189379482895,0.009584868106205171,0.08482976037137664
0.061662148503148995,0.05166214850314899,1.6962857693211422
0.05075482860420161,0.040754828604201605,2.1899005167664622
0.1224456379302768,0.1124456379302768,0.5484918238263368
0.10028623988212543,0.09028623988212543,1.268074005948936
-0.06160774955408743,0.05160774955408743,0.40698446670557314
0.021992821964528786,0.011992821964528786,0.004098665577162175
-0.022642949177222038,0.012642949177222038,0.011909601798600901
-0.04373687574060281,0.03373687574060281,0.8100276002317705
-0.07054344102328425,0.060543441023284246,1.4902932830141409
0.09004942503183422,0.08004942503183422,1.1963629809150955
0.08590326821745808,0.07590326821745809,0.46314479621122223
0.012196604764496244,0.0021966047644962437,0.0018479870129623412
-0.06127917557224605,0.051279175572246045,1.102415707864736
-0.019809379553377304,0.009809379553377304,0.3364547521682459
0.019165527147500083,0.009165527147500083,1.4466932290120866
0.010497283609743224,0.0004972836097432241,1.4280617028755345
-0.06292460696802865,0.05292460696802865,0.1836844874619571
0.004200148797537495,0.005799851202462505,0.04599516266025382
-0.06597438964408481,0.055974389644084806,1.1219825320163515
0.029443084743048742,0.01944308474304874,0.8865438033813379
-0.007193986864987401,0.0028060131350125996,0.024951499280315797
-0.04943045047915856,0.03943045047915856,1.3172464359647915
0.11474393476055067,0.10474393476055067,0.8344541811089783
-0.09896334436688958,0.08896334436688959,1.4189813067953938
-0.022841215350938415,0.012841215350938415,2.5871819429843725
-0.0437415948063824,0.0337415948063824,0.7619260321350798
0.056042319680804864,0.04604231968080486,0.6866569546081388
0.0768816684911528,0.0668816684911528,1.9679938801833248
0.018484083014755515,0.008484083014755514,0.002954314274013423
-0.009437109215925887,0.0005628907840741128,0.500994887586091
0.013350027499553496,0.003350027499553496,1.3327173925195024
0.021724952760542426,0.011724952760542426,1.2538773345484187
-0.005508082144668969,0.0044919178553310315,0.007166429243594007
-0.07014022920665725,0.06014022920665724,0.8636736208775688
0.03175220650563232,0.021752206505632317,0.026912421373695584
-0.03714158037688903,0.027141580376889025,0.4611352098548962
-0.05282155582653647,0.04282155582653647,1.2322166314164007
0.006835034135194262,0.003164965864805738,0.10810198168294993
-0.07598986285102327,0.06598986285102328,0.9055192361888933
0.09628341009759067,0.08628341009759068,1.4301518700677838
0.059975099545589994,0.04997509954558999,0.9270139036358718
0.09948610083433951,0.08948610083433951,1.2582083581821761
-0.052434314699494944,0.04243431469949494,0.6071712595812617
-0.04285318247064124,0.032853182470641236,0.19771129368110762
0.03588183037123682,0.02588183037123682,0.19890383912267778
0.1341867102615279,0.1241867102615279,1.1666473310806231
-0.00969273029152079,0.00030726970847920997,7.184373631208062e-06
0.012134194847198854,0.0021341948471988535,0.0008027780603024891
-0.010851722964310917,0.0008517229643109168,0.00012805010109824777
0.022955459554381774,0.012955459554381774,1.4916573624931935
-0.015713402724538028,0.005713402724538028,0.002117480048055936
0.010848625004839019,0.0008486250048390185,0.8268995923129455
-0.015481609014937114,0.005481609014937114,0.003271638338861658
-0.10026639383629216,0.09026639383629216,2.1227788316628438
0.028059825876406763,0.01805982587640676,0.025561830846012382
-0.09896713006097241,0.08896713006097241,0.6279082448830401
0.024470931857243416,0.014470931857243416,0.656610119249982
-0.015971468897572172,0.005971468897572172,0.05191202893844389
-0.09999589451315632,0.08999589451315633,0.6507254839525922
0.037599673332618266,0.027599673332618264,0.11281176153025069
0.034969392631770124,0.024969392631770122,1.3931638254694056
-0.040716229495766254,0.030716229495766252,0.058628891680721766
-0.04141567746959912,0.03141567746959912,0.8911471771748046
-0.02074032647171642,0.010740326471716419,0.007055590435246342
-0.009248276707817471,0.0007517232921825292,9.406707163946613e-05
0.009337849900023842,0.0006621500999761578,0.0001938947394699745
-0.04730735951254672,0.03730735951254672,1.289636430470502
0.017097800087031656,0.007097800087031656,0.7012450171842549
0.014528106413648878,0.004528106413648878,0.009053253257564198
0.013933552924838444,0.0039335529248384436,0.005161687948916213
-0.07981876492345646,0.06981876492345647,1.790462182725607
0.042794493654887966,0.032794493654887964,0.6968493644498176
0.04595453121945542,0.03595453121945542,0.06954166302638808
-0.014871159751835228,0.004871159751835228,0.13930855055237168
-0.018177348223346934,0.008177348223346934,0.1874393367294556
0.00013230330246527533,0.009867696697534725,0.036485819006973
-0.04580693292504595,0.03580693292504595,1.3294645298781875
-0.10999740414437653,0.09999740414437654,0.6440413805375822
-0.02090730467134244,0.010907304671342441,0.01164135209919035
-0.022027138685971615,0.012027138685971614,1.1552219064106295
0.08749243802454515,0.07749243802454515,0.6578467446005511
-0.01206522784016395,0.00206522784016395,0.1878444532421302
0.014099080050490986,0.004099080050490986,0.525404953160579
-0.030613646491804813,0.02061364649180481,1.4068133033174959
0.040293845356103475,0.030293845356103473,0.19262273978404315
0.04228784150900894,0.03228784150900894,0.47763304796718636
0.005413439054350766,0.004586560945649234,0.8860458999534159
-0.026542825597359432,0.01654282559735943,1.1711487040272743
-0.008254529556723011,0.0017454704432769887,0.001753519847720861
-0.023490926757512243,0.013490926757512242,0.6474218956928932
0.09537783804018479,0.0853778380401848,1.491559186114195
-0.010614520008425443,0.000614520008425443,0.20109854106269404
-0.039551661365235635,0.029551661365235633,0.033463411297823195
0.07258925109972258,0.06258925109972259,0.14198074037281988
-0.11286599443832812,0.10286599443832813,1.329734401495665
-0.0997435674455992,0.0897435674455992,0.3168614060364398
-0.02741059628424264,0.017410596284242637,1.1129431782083006
0.031182014829836513,0.02118201482983651,0.9456943331241989
-0.0335349160298154,0.023534916029815396,1.3253045299924329
-0.013780846622441112,0.0037808466224411117,1.7007976026875458
-0.07127207468344215,0.06127207468344215,0.789700970493989
0.012584048572729378,0.002584048572729378,0.7615173724735175
0.05243125735476162,0.042431257354761616,1.4789151600630726
-0.08612746046998615,0.07612746046998616,1.1997800342953422
0.010956484208572426,0.0009564842085724255,0.30395738751205786
0.04860420086112599,0.03860420086112599,0.7109264932658335
0.010005370042814377,5.370042814376377e-06,1.950837167060391e-06
-0.025267657525157472,0.015267657525157472,1.3791800226556945
-0.056189632219757535,0.04618963221975753,0.11123658860776489
-0.08517106043738848,0.07517106043738848,2.110097943390962
-0.006231939431426969,0.003768060568573031,0.04794856034387588
-0.11737048102218628,0.10737048102218628,0.13766607231656827
0.08029139036393612,0.07029139036393613,1.2122578537738182
-0.007202521905429804,0.0027974780945701962,0.09410665405598269
-0.011076867609781327,0.0010768676097813266,0.992099575036586
0.11222030599785082,0.10222030599785083,1.217244483648397
0.08164335593997563,0.07164335593997563,0.8558337048366701
-0.0510587780754137,0.0410587780754137,0.5818669165014496
0.04270408564824851,0.03270408564824851,0.32048004363221105
0.08548478100509976,0.07548478100509977,0.4298122854211654
-0.03324538485366335,0.02324538485366335,0.031957806354584645
0.06361341235308782,0.053613412353087815,1.69812677257887
-0.07952554537552325,0.06952554537552326,1.4543020314707653
-0.046791733123442425,0.03679173312344242,0.347147687265764
0.002157625031740107,0.007842374968259893,0.49659616124118044
0.00963164424780244,0.0003683557521975602,0.021612450339892363
-0.026377273891591613,0.01637727389159161,1.2932140134682835
0.0017541471159310262,0.008245852884068974,0.029433767293840313
-0.02418618106562087,0.01418618106562087,0.7117358424465455
0.02135431168955043,0.011354311689550431,1.0032975222839349
0.00971216963433319,0.0002878303656668104,1.028633837794041e-05
-0.01816539499514991,0.008165394995149908,0.818950476820543
-0.06906873386273255,0.05906873386273254,1.7073308754878582
-0.10864107573707282,0.09864107573707283,0.6701344548022209
-0.07869501766187159,0.0686950176618716,0.7130418246458311
0.05804322461979772,0.048043224619797716,0.888962154636743
0.07639196678621896,0.06639196678621896,0.09226658666767752
0.04004860739992855,0.030048607399928547,0.8166302402353567
-0.015723681804794,0.005723681804793998,0.517588125362079
0.0011283039416445373,0.008871696058355463,0.027400396152396266
0.02126697797765864,0.01126697797765864,0.009791737683502309
0.031200886562596952,0.02120088656259695,0.047620235313385335
0.056019628036103664,0.04601962803610366,0.31648170761003724
-0.06501544963948275,0.055015449639482746,0.3930565159694209
-0.027491845584476093,0.01749184558447609,0.23920832970533148
0.024705779933328564,0.014705779933328564,1.0612732731175583
0.07838184074478172,0.06838184074478172,1.0411370434461167
0.03282169524052336,0.02282169524052336,1.265231173037936
-0.029103127017867547,0.019103127017867545,1.199438529492351
0.030663362867544564,0.02066336286754456,1.2453418495428183
-0.0311729330480075,0.0211729330480075,0.01970376670410966
0.1253094184888543,0.1153094184888543,1.31755581042779
0.232524988870091,0.22252498887009098,1.896860758115821
0.015891360045119873,0.005891360045119873,1.3209266746254917
0.03088185082152317,0.02088185082152317,0.1806566125389537
-0.07005192724986925,0.06005192724986925,0.6452261475162273
0.06610263576194453,0.056102635761944526,1.5191296318206542
0.056417126894595215,0.04641712689459521,0.35569790610706664
0.027218875253119668,0.017218875253119666,0.017454448874576513
-0.053397049093328486,0.043397049093328484,0.953933965864455
-0.042075543034221674,0.03207554303422167,1.177664950630443
-0.018629026392477543,0.008629026392477543,0.34259692944324954
-0.029751361475435723,0.01975136147543572,0.026923757304970784
-0.008252465748527116,0.0017475342514728844,0.0006548830063395286
-0.01297160551062948,0.00297160551062948,0.5543085541858394
0.06188947940081574,0.05188947940081574,2.137218333035351
-0.007893787560958043,0.002106212439041957,0.00018659504807845833
0.06023627738774884,0.050236277387748836,0.319641507833307
-0.018913514478199334,0.008913514478199333,0.1033806494909217
-0.044365273281334994,0.03436527328133499,0.020587053625664913
0.00020429680583544663,0.009795703194164554,0.0213004998293244
0.04393726952225363,0.03393726952225363,0.03779997328374413
0.01365137070428657,0.0036513707042865693,1.4581299482433574
-0.06539968163480925,0.055399681634809246,0.6597437904594738
0.007028712565721906,0.002971287434278094,0.5261707285286015
0.07176498052210062,0.06176498052210062,1.165297908030565
0.0357157109119271,0.0257157109119271,0.015456464312156993
0.04595041169236502,0.03595041169236502,0.5533329194247792
-0.05709129573026639,0.04709129573026639,1.5344886109862046
0.03014252555526653,0.02014252555526653,0.16656823588497294
0.017101594358947425,0.007101594358947425,0.008701860542182659
-0.09900199141851945,0.08900199141851946,1.6625604714504159
-0.06144478525518571,0.051444785255185706,0.37642339175560197
0.03996648355776772,0.029966483557767716,0.025937959531886153
0.07769914845630727,0.06769914845630727,1.6676015704353173
0.04031337498323667,0.03031337498323667,1.758498842703851
-0.06281902867041861,0.05281902867041861,0.2152037477143577
0.06498680777687293,0.05498680777687293,1.440342972231672
0.0658965091849894,0.0558965091849894,0.9633100959055363
0.006578548878156787,0.0034214511218432133,0.142574893224487
-0.06490639321612385,0.054906393216123846,0.8287626676527365
0.0070988737930672285,0.0029011262069327717,0.9145173099208594
-0.026793915722603034,0.016793915722603033,0.041619536534039776
-0.02988386180231567,0.019883861802315668,0.01255382957905911
-0.06597660030549113,0.05597660030549113,2.167537396550039
-0.039175267958388105,0.029175267958388103,0.6122936158997424
-0.08372069158894319,0.07372069158894319,1.420358588104638
-0.019109633562178596,0.009109633562178596,0.0121104574090374
0.0037900938264013306,0.00620990617359867,0.33422855597429896
-0.02313113563519137,0.013131135635191369,1.6024814652168797
-0.004266692572337805,0.005733307427662196,0.6203809551326791
-0.008690075477091774,0.001309924522908226,0.3721199271183059
-0.015751926125243232,0.005751926125243232,0.5400226980654617
-0.06270007074831446,0.05270007074831446,0.1964937347225457
0.11746716197932283,0.10746716197932284,0.22541739873417416
-0.0325189318273813,0.0225189318273813,1.483245675620332
0.004286398788279744,0.005713601211720256,0.06267470514142336
-0.030408216156063983,0.02040821615606398,0.9602850291917645
0.04756049732925588,0.03756049732925588,1.0462525390916029
-0.010320061553516002,0.0003200615535160021,4.263091115468312e-05
0.02532269576277607,0.01532269576277607,0.028332691917876796
-0.03558877002698635,0.025588770026986347,1.1026482336042327
-0.0797306794439872,0.06973067944398721,0.5679449689219563
0.04558293603327157,0.03558293603327157,1.1965563016386143
0.0732260082279309,0.06322600822793091,0.3014354608863397
-0.11116199052208892,0.10116199052208892,1.2592958381202
-0.007881087875949822,0.0021189121240501787,0.0007936136178339281
-0.020316628731150588,0.010316628731150588,1.8974119294939524
0.022368761475400678,0.012368761475400678,1.2169362093855471
-0.06076268336626112,0.050762683366261115,0.06092431027232034
0.025450215366198736,0.015450215366198736,0.18203889232252535
-0.03603499445249003,0.02603499445249003,1.2580186265198925
-0.004878181959569128,0.005121818040430872,0.0014410647014169262
0.07671192020620848,0.06671192020620849,1.1448054205317373
0.09996527577186132,0.08996527577186132,1.4706961657898763
-0.022609860217484345,0.012609860217484345,1.6633464739293922
-0.04045115719816872,0.030451157198168717,1.1796883481921474
0.013193368936002536,0.003193368936002536,1.7203281710924059
0.05540844938899975,0.045408449388999746,0.0699865379089188
0.06216533062019136,0.05216533062019136,1.736300940082404
-0.025305298771147677,0.015305298771147677,0.4212428743195772
-0.006697927745500432,0.0033020722544995686,0.0006194786432636748
0.04212140479847032,0.03212140479847032,0.03365970084040439
0.031366159467857424,0.021366159467857422,0.7574655215745068
0.005442995211260682,0.0045570047887393186,0.8160453314624619
-0.006496345588352159,0.003503654411647841,0.24432207962034852
-0.031163642669607028,0.021163642669607026,1.0733320589626305
-0.03914991119711381,0.029149911197113805,0.5617863235074162
-0.0385264150227696,0.028526415022769598,0.9071755359595848
0.10019420153486819,0.09019420153486819,1.1739005450844109
0.10654607244047226,0.09654607244047227,0.27853645827775186
0.017797037366108825,0.007797037366108825,0.3937971319318441
0.0442996611339152,0.0342996611339152,0.2189426375211549
-0.0003485574374364475,0.009651442562563553,0.009426979387409152
-0.054383931646385775,0.04438393164638577,0.5965614516946053
0.0667883110885143,0.056788311088514294,1.1630311151605672
-0.0073303100873167715,0.0026696899126832287,0.05002829057256617
-0.15310605743302597,0.14310605743302596,0.27405855063904033
-0.006818239657933045,0.003181760342066955,0.020346782365516333
0.04315582626826214,0.03315582626826214,0.08792774049788965
-0.012136520417676322,0.0021365204176763217,0.9283618880098072
-0.030037775372606657,0.020037775372606655,1.4241742981722145
0.03129787412665225,0.021297874126652246,1.1262079962961111
-0.02546371627040167,0.01546371627040167,1.0875106950342797
0.04699132601734485,0.036991326017344846,0.06652089459018726
0.09352531822454135,0.08352531822454136,0.571751942162376
0.014299907361348507,0.004299907361348507,0.5894474517224486
-0.03650951101769501,0.026509511017695005,0.15042821035481416
0.060066234519260575,0.05006623451926057,0.8986062143590129
-0.014017790784054462,0.004017790784054462,0.0033079696455659276
-0.04760228293022467,0.03760228293022467,1.4409716247982212
-0.06149771205669696,0.05149771205669696,1.6133521448568608
-0.030063765600223225,0.020063765600223223,0.34668297659109243
0.062018475836699616,0.052018475836699614,1.2524079701946846
-0.009278257904062615,0.0007217420959373857,0.17134229781930074
0.047098921991686415,0.037098921991686414,0.08152468045617893
-0.031765729423736566,0.021765729423736564,0.08754668008628838
-0.04708420102019628,0.03708420102019628,0.3834830025848629
0.025182429672133133,0.015182429672133133,1.3326879869165433
-0.07258155437979102,0.06258155437979103,1.3286744790866831
0.03787225819565426,0.02787225819565426,1.3776696529478756
-0.055089145274381746,0.045089145274381744,1.8969725867202059
0.08992741835285323,0.07992741835285323,2.108495373246075
-0.10003130100139529,0.0900313010013953,1.0057301371210174
-0.029051229778337462,0.01905122977833746,1.316473679588064
0.04944917036595192,0.03944917036595192,1.7679003793123482
0.10302644315238974,0.09302644315238974,1.789413880738057
0.06870869600428403,0.05870869600428403,1.6825717290099769
0.036137575092021035,0.026137575092021033,0.7456139212050822
-0.019244530481735467,0.009244530481735467,0.005853432152165859
-0.0691292380587129,0.0591292380587129,1.0719858740847932
-0.09953311592422248,0.08953311592422249,1.6693959393121078
-0.07497144164678893,0.06497144164678893,0.8997632990577799
-0.07488139211783046,0.06488139211783046,0.7663238535460813
-0.0045948630103641586,0.005405136989635842,0.03433011512808918
0.010378228720509364,0.00037822872050936353,1.990790553540818
0.022859136225421794,0.012859136225421794,0.009357372605600447
0.07175237864166956,0.061752378641669554,1.2385416664834945
-0.04552726789864503,0.03552726789864503,0.3351555812610374
0.00263562662873007,0.00736437337126993,0.1261891653710427
-0.043682268528534074,0.03368226852853407,0.40003326878265694
-0.005000880595491086,0.004999119404508914,0.13070254469201234
0.021015875960800456,0.011015875960800456,1.58195526783196
0.005161384788518797,0.004838615211481203,0.0015512122978898438
-0.10700622819684985,0.09700622819684986,1.1787597841935038
-0.04285484960884184,0.032854849608841837,1.419514591818239
0.060316417305526726,0.050316417305526724,0.7691457929262151
-0.03926064086410436,0.029260640864104355,0.05129867610764836
0.020685463792972036,0.010685463792972036,1.8492571794873813
0.019736241749036987,0.009736241749036987,0.4756761354943071
-0.009036957200608542,0.0009630427993914583,0.0003862894403981247
0.04292678733170707,0.03292678733170707,0.9285150934805815
0.05409857012551833,0.04409857012551833,0.0772928503304386
0.04493644742169406,0.03493644742169406,0.0236278170818215
0.08806860802490002,0.07806860802490002,0.5624044672400437
-0.030435425851774278,0.020435425851774276,0.03762516851866309
-0.028708518844068276,0.018708518844068274,1.5984270613904479
0.01469515476893185,0.0046951547689318505,1.3834748421694103
0.08136127973062479,0.0713612797306248,0.8884998276663957
0.023102275647474024,0.013102275647474024,1.7912144123068139
0.17774855258571692,0.16774855258571691,0.7754624275525565
-0.06549830073286655,0.05549830073286655,1.2010389321561514
0.0936071881400975,0.0836071881400975,0.3803562515889074
0.04942807591384102,0.03942807591384102,0.30588451967458463
0.05052589402903296,0.040525894029032956,1.073876888119888
0.045631585976811606,0.035631585976811604,0.6115252974407767
-0.13403918527801767,0.12403918527801767,0.7230835260788016
-0.0724152886060801,0.062415288606080095,0.3633548753253129
-0.06307205503168395,0.05307205503168395,0.566908669920117
-0.05304905042190139,0.04304905042190139,0.146020317629908
-0.00459632528747056,0.005403674712529441,0.04499235628013932
-0.03552241015609925,0.025522410156099247,1.8291320931461195
0.028223949829618178,0.018223949829618176,0.00698648425224564
0.01630809246214099,0.006308092462140988,0.004714935240290768
0.1535370828177755,0.1435370828177755,1.6816407235825264
0.011687361776379579,0.0016873617763795788,0.8394603301672116
-0.10359016344405192,0.09359016344405192,0.452461792609219
0.0888271459916255,0.0788271459916255,1.4482367612279499
0.1355760485042048,0.12557604850420478,0.9145033159457724
0.007451587390360226,0.0025484126096397743,0.0052972396608229454
0.017716877852575585,0.007716877852575585,0.1297567220030695
-0.04039348439822993,0.030393484398229927,0.9114379975525848
-0.051358840715493015,0.04135884071549301,0.8675717720317416
-0.05946610934551866,0.049466109345518657,0.9140189111092171
-0.09998210171524158,0.08998210171524158,1.562844049571386
0.0602761884383452,0.0502761884383452,0.03253182727821008
0.11954056652465656,0.10954056652465656,1.1550463155460695
-0.07102398741053861,0.06102398741053861,1.1797583770728606
0.13772809242800127,0.12772809242800126,0.1741436039426275
-0.01872660169076995,0.00872660169076995,0.5300845472454363
-0.027315274965688252,0.01731527496568825,1.4566611074506406
0.09749015710640258,0.08749015710640258,1.9826645048766502
-0.00933302806016062,0.0006669719398393805,1.383403186697538
0.03757775703118604,0.02757775703118604,0.17638700982621805
-0.02108389439773961,0.01108389439773961,0.016272198534118605
-0.057784367242772916,0.047784367242772914,1.5619566158237261
0.022456286110138446,0.012456286110138446,0.7507541203556743
0.035240069389763984,0.025240069389763982,1.581562105207484
0.037036011067651864,0.027036011067651862,0.683517983981128
0.034685607757665715,0.024685607757665713,0.021629299553065705
-0.06316742819566612,0.05316742819566612,1.8321895290636638
0.007623291499198992,0.0023767085008010082,0.0025580202465542213
0.04682594455088013,0.036825944550880126,0.3120027955774711
0.02274468793212997,0.01274468793212997,1.0130011661628104
0.1081314841375054,0.0981314841375054,0.48688324797465016
-0.049511002857541064,0.03951100285754106,0.03519255735286162
0.11038867696093785,0.10038867696093785,1.5942840498280748
-0.0015358718641775848,0.008464128135822415,0.07387684988215212
-0.09894445805483526,0.08894445805483527,0.09038626469576405
0.10747072633495502,0.09747072633495503,0.7930289037662697
-0.06076403867712993,0.050764038677129926,0.1227171538487442
0.010421941302489857,0.0004219413024898564,2.7261197374780272e-05
-0.02795518867450031,0.017955188674500307,0.9054557839441182
-0.018392332914571263,0.008392332914571263,0.006486845095440257
0.17024074591929345,0.16024074591929344,0.7777482255101114
0.048244431742753335,0.03824443174275333,0.2854952593869094
-0.03345931398313007,0.023459313983130066,0.9406744748522045
-0.047267202649525775,0.03726720264952577,1.682424672583492
0.0731949786978543,0.0631949786978543,1.0449585275299753
0.06629731504630731,0.05629731504630731,0.7178502687282127
-0.019367150145539636,0.009367150145539635,0.31733068388285457
-0.03877620853308833,0.028776208533088328,0.035774101763048065
-0.1387256140500468,0.1287256140500468,1.2984944518952002
0.12016048755679737,0.11016048755679737,0.4628786527739255
0.036912140524478554,0.026912140524478552,0.666412104591762
0.07983182546517037,0.06983182546517037,0.9159403538585145
-0.012113686674071533,0.002113686674071533,0.0011445225890963791
-0.009832393758452018,0.00016760624154798197,0.01892976468354981
0.011215030586949282,0.0012150305869492815,0.15828675810599896
-0.001346828571201164,0.008653171428798836,0.007252126357252726
-0.010533548481285293,0.0005335484812852929,1.6496269252712976e-05
-0.0642640600869665,0.0542640600869665,0.6229259821417891
0.07466581662107985,0.06466581662107986,0.10892495460721666
-0.10690287437370755,0.09690287437370755,1.287859096994022
-0.01660972151306145,0.006609721513061448,1.6484970219775648
0.02273832326138847,0.012738323261388471,0.17110393683893885
0.09548485083971597,0.08548485083971598,1.127401999501272
-0.10897396565768869,0.09897396565768869,1.2763551168529157
0.06160550981545987,0.05160550981545987,1.9187425692837428
-0.10672816000277008,0.09672816000277008,0.9555767739169824
0.040100642764068106,0.030100642764068104,0.7812655954203369
0.054607077657259695,0.04460707765725969,1.139927457241961
-0.02105392289222896,0.01105392289222896,0.9507297765664638
0.014398529423650275,0.0043985294236502746,0.011953834767591862
-0.02417256788227251,0.01417256788227251,0.004584742689338828
-0.051992653968681024,0.04199265396868102,0.03590445851418518
0.04506480770746446,0.03506480770746446,0.26498660037514193
-0.10223401472834015,0.09223401472834016,0.14410512780287313
0.05800006743771802,0.048000067437718015,1.0626296233917345
-0.00394153421422605,0.00605846578577395,0.06929735953393999
-0.03263948216226975,0.02263948216226975,0.04151424149954473
-0.11150070034940635,0.10150070034940635,1.0180600838529898
-0.003217783650364514,0.006782216349635486,0.00800158737145256
-0.12179107224319696,0.11179107224319697,0.7248734663746244
0.02268742923038103,0.012687429230381029,0.06522081474364505
-0.039648123422632076,0.029648123422632074,1.3726742913142198
0.010897998674261888,0.0008979986742618882,0.004444198847545819
0.02375792726210857,0.013757927262108569,0.29294694509340136
-0.04103084304603227,0.03103084304603227,0.8691575845395563
0.008766270839259516,0.0012337291607404845,0.028213826428497967
-0.04082391132597446,0.030823911325974458,2.0526500823115494
0.08566210313250583,0.07566210313250583,0.8013612046672367
-0.02489175551301004,0.014891755513010039,0.30541522756821127
0.08660973212071721,0.07660973212071721,1.6815429073620607
-0.058778501514335,0.048778501514335,0.16532975792836616
-0.12254159465994596,0.11254159465994597,1.8867539927140244
-0.09798673891558124,0.08798673891558124,1.9783499284651163
0.033152007073144196,0.023152007073144194,0.898395661153178
0.036930272107024875,0.026930272107024873,0.12938797178551503
0.031100469329014113,0.02110046932901411,2.2256274884199527
-0.01582151423723427,0.0058215142372342685,1.0783585645518945
0.031387809060404503,0.0213878090604045,0.8252588753485304
-0.061846373439550295,0.05184637343955029,0.7329264069847952
0.047230454674832556,0.037230454674832554,0.2128622316830416
0.08000335789181862,0.07000335789181862,0.21435371812126566
-0.016923855845303204,0.006923855845303204,0.600693849342029
0.04158079758328609,0.03158079758328609,1.0775062296232754
0.023043876111343176,0.013043876111343175,1.151427298658178
-0.05235729247578047,0.04235729247578047,0.9458847599510982
-0.021799480868892662,0.011799480868892662,0.012407368776625875
0.03291795331652392,0.022917953316523916,1.9262857339355335
0.016758743534655562,0.006758743534655562,0.483873816674382
0.03757700184132484,0.02757700184132484,0.5028187827323155
-0.04383902041399956,0.03383902041399956,0.2637494307595782
0.0015678473016912942,0.008432152698308706,0.016317940154603895
0.03449267244449661,0.024492672444496606,1.3359522764369836
-0.15787156981631362,0.1478715698163136,0.3760285799758989
0.0008230636409451986,0.009176936359054802,2.3981510391551715
-0.023142909874384443,0.013142909874384443,1.6688525131559808
-0.1415730864444899,0.1315730864444899,1.3291173804832161
-0.0007554763566652856,0.009244523643334715,0.0977404343309995
-0.054550423146681515,0.04455042314668151,1.6900573161492098
-0.007248459519633266,0.0027515404803667345,0.0015276658730481233
0.05444796291229448,0.04444796291229448,1.5838344279430032
0.10338592680160436,0.09338592680160436,1.762988499146447
-0.03302552512124829,0.023025525121248287,0.22967778260940816
0.018595174181487262,0.008595174181487262,0.14581759214873824
-0.08352484324979847,0.07352484324979848,1.4083921277361926
0.05238787729301303,0.04238787729301303,0.07526492566776449
0.04818456005061761,0.03818456005061761,0.372685876947141
-0.002212088687004954,0.007787911312995046,0.0049260501297124
0.014052897101679784,0.004052897101679784,0.9550979958197234
0.07444240668657187,0.06444240668657188,0.44855515980848515
0.15437065059212596,0.14437065059212595,1.0509049578307488
0.03978516191640297,0.029785161916402965,1.5971238245709998
0.042404632308320034,0.03240463230832003,1.1066486553948887
-0.06630155738374927,0.056301557383749264,0.8604267171974982
0.056061820509418714,0.04606182050941871,0.721761460520969
-0.029642680790735176,0.019642680790735174,0.9329616325692192
-0.012203845186537499,0.0022038451865374984,0.8388933425048485
0.0068697326867101505,0.0031302673132898497,0.0803995613552612
0.03797076905722013,0.02797076905722013,0.029914544809014686
-0.1253898576470125,0.1153898576470125,0.31927794525949976
0.09360858379588516,0.08360858379588516,0.1997314272888677
0.019470771948161825,0.009470771948161824,0.5177934474976512
-0.023257032533001987,0.013257032533001986,0.012618012421133725
0.12480586160865553,0.11480586160865554,0.7433296273031875
0.06449057995252239,0.054490579952522385,1.4894140134802845
-0.029335038790893553,0.01933503879089355,0.39506419194124226
0.0348106723913118,0.0248106723913118,0.05008137080306436
-0.06535694213372589,0.05535694213372589,0.04738601618060547
0.06601527855599931,0.05601527855599931,0.9872331544808007
-0.024335357206036412,0.014335357206036412,0.007271609866364985
0.00735402054810369,0.00264597945189631,0.006142886348868859
0.09356184401252138,0.08356184401252138,0.3406207685356845
0.03351091417210322,0.02351091417210322,1.5284018125510506
0.0636480778875207,0.05364807788752069,1.0757668051759097
-0.03380711619439136,0.02380711619439136,0.4919825610332613
-0.0019984495080727638,0.008001550491927236,0.033068186788818885
-0.09916166879943084,0.08916166879943084,1.4381123056330625
-0.014059034927827785,0.004059034927827785,1.284706396034157
-0.03881880094765511,0.028818800947655106,0.9516410609462502
0.039699608071373516,0.029699608071373514,0.745412397296505
0.09508738983729709,0.08508738983729709,1.1710617150946119
-0.02769547954019469,0.017695479540194688,1.5477659379593411
0.007249515868258394,0.0027504841317416064,0.0008334920773691838
0.026352769585677727,0.016352769585677725,0.2519002842530376
0.05928333140737818,0.04928333140737818,0.7721969282894606
0.009819074314313836,0.00018092568568616428,3.12856772256934e-06
0.06323724994807406,0.05323724994807406,0.9954242795733097
